"frequency_ghz","swept_channel","reference_channel","reference_phase_deg","swept_commanded_phase_deg","expected_relative_phase_deg","measured_relative_phase_deg","signed_phase_error_deg","repeat_circular_std_deg","sample_count","ch1_tone_mean_dbfs","ch2_tone_mean_dbfs","source_directory"
"2.3","1","2","180","0","-180","173.959","-6.041","0.024","4","-14.72","-16.23","C:/Users/iroen/OneDrive/Documents/Projects/PLUTO_Phaser/PLUTO_SDR_Beam_former/captures/pluto_phase_reference180_20260728/f2300_sweep_ch1_reference_ch2_180deg"
"2.3","1","2","180","22.5","157.5","152.458","-5.042","0.004","2","-14.777","-16.23","C:/Users/iroen/OneDrive/Documents/Projects/PLUTO_Phaser/PLUTO_SDR_Beam_former/captures/pluto_phase_reference180_20260728/f2300_sweep_ch1_reference_ch2_180deg"
"2.3","1","2","180","45","135","127.671","-7.329","0.003","2","-14.854","-16.214","C:/Users/iroen/OneDrive/Documents/Projects/PLUTO_Phaser/PLUTO_SDR_Beam_former/captures/pluto_phase_reference180_20260728/f2300_sweep_ch1_reference_ch2_180deg"
"2.3","1","2","180","67.5","112.5","107.039","-5.461","0.001","2","-15.1","-16.244","C:/Users/iroen/OneDrive/Documents/Projects/PLUTO_Phaser/PLUTO_SDR_Beam_former/captures/pluto_phase_reference180_20260728/f2300_sweep_ch1_reference_ch2_180deg"
"2.3","1","2","180","90","90","84.906","-5.094","0.001","2","-15.699","-16.254","C:/Users/iroen/OneDrive/Documents/Projects/PLUTO_Phaser/PLUTO_SDR_Beam_former/captures/pluto_phase_reference180_20260728/f2300_sweep_ch1_reference_ch2_180deg"
"2.3","1","2","180","112.5","67.5","63.688","-3.812","0","2","-15.156","-16.262","C:/Users/iroen/OneDrive/Documents/Projects/PLUTO_Phaser/PLUTO_SDR_Beam_former/captures/pluto_phase_reference180_20260728/f2300_sweep_ch1_reference_ch2_180deg"
"2.3","1","2","180","135","45","40.765","-4.235","0.001","2","-15.04","-16.279","C:/Users/iroen/OneDrive/Documents/Projects/PLUTO_Phaser/PLUTO_SDR_Beam_former/captures/pluto_phase_reference180_20260728/f2300_sweep_ch1_reference_ch2_180deg"
"2.3","1","2","180","157.5","22.5","15.601","-6.899","0.005","2","-14.64","-16.253","C:/Users/iroen/OneDrive/Documents/Projects/PLUTO_Phaser/PLUTO_SDR_Beam_former/captures/pluto_phase_reference180_20260728/f2300_sweep_ch1_reference_ch2_180deg"
"2.3","1","2","180","180","0","-0.513","-0.513","0.006","2","-14.894","-16.255","C:/Users/iroen/OneDrive/Documents/Projects/PLUTO_Phaser/PLUTO_SDR_Beam_former/captures/pluto_phase_reference180_20260728/f2300_sweep_ch1_reference_ch2_180deg"
"2.3","1","2","180","202.5","-22.5","-21.442","1.058","0.007","2","-14.93","-16.238","C:/Users/iroen/OneDrive/Documents/Projects/PLUTO_Phaser/PLUTO_SDR_Beam_former/captures/pluto_phase_reference180_20260728/f2300_sweep_ch1_reference_ch2_180deg"
"2.3","1","2","180","225","-45","-46.201","-1.201","0.002","2","-15.058","-16.206","C:/Users/iroen/OneDrive/Documents/Projects/PLUTO_Phaser/PLUTO_SDR_Beam_former/captures/pluto_phase_reference180_20260728/f2300_sweep_ch1_reference_ch2_180deg"
"2.3","1","2","180","247.5","-67.5","-67.379","0.121","0.001","2","-15.308","-16.226","C:/Users/iroen/OneDrive/Documents/Projects/PLUTO_Phaser/PLUTO_SDR_Beam_former/captures/pluto_phase_reference180_20260728/f2300_sweep_ch1_reference_ch2_180deg"
"2.3","1","2","180","270","-90","-90.431","-0.431","0.004","2","-16.002","-16.228","C:/Users/iroen/OneDrive/Documents/Projects/PLUTO_Phaser/PLUTO_SDR_Beam_former/captures/pluto_phase_reference180_20260728/f2300_sweep_ch1_reference_ch2_180deg"
"2.3","1","2","180","292.5","-112.5","-110.795","1.705","0.002","2","-15.539","-16.233","C:/Users/iroen/OneDrive/Documents/Projects/PLUTO_Phaser/PLUTO_SDR_Beam_former/captures/pluto_phase_reference180_20260728/f2300_sweep_ch1_reference_ch2_180deg"
"2.3","1","2","180","315","-135","-132.494","2.506","0.001","2","-15.508","-16.258","C:/Users/iroen/OneDrive/Documents/Projects/PLUTO_Phaser/PLUTO_SDR_Beam_former/captures/pluto_phase_reference180_20260728/f2300_sweep_ch1_reference_ch2_180deg"
"2.3","1","2","180","337.5","-157.5","-156.988","0.512","0.004","2","-14.972","-16.244","C:/Users/iroen/OneDrive/Documents/Projects/PLUTO_Phaser/PLUTO_SDR_Beam_former/captures/pluto_phase_reference180_20260728/f2300_sweep_ch1_reference_ch2_180deg"
"2.3","2","1","180","0","-180","174.7","-5.3","0.033","4","-14.968","-15.928","C:/Users/iroen/OneDrive/Documents/Projects/PLUTO_Phaser/PLUTO_SDR_Beam_former/captures/pluto_phase_reference180_20260728/f2300_sweep_ch2_reference_ch1_180deg"
"2.3","2","1","180","22.5","157.5","154.149","-3.351","0.006","2","-14.964","-15.836","C:/Users/iroen/OneDrive/Documents/Projects/PLUTO_Phaser/PLUTO_SDR_Beam_former/captures/pluto_phase_reference180_20260728/f2300_sweep_ch2_reference_ch1_180deg"
"2.3","2","1","180","45","135","127.288","-7.712","0.002","2","-14.908","-15.823","C:/Users/iroen/OneDrive/Documents/Projects/PLUTO_Phaser/PLUTO_SDR_Beam_former/captures/pluto_phase_reference180_20260728/f2300_sweep_ch2_reference_ch1_180deg"
"2.3","2","1","180","67.5","112.5","105.603","-6.897","0.001","2","-14.897","-15.933","C:/Users/iroen/OneDrive/Documents/Projects/PLUTO_Phaser/PLUTO_SDR_Beam_former/captures/pluto_phase_reference180_20260728/f2300_sweep_ch2_reference_ch1_180deg"
"2.3","2","1","180","90","90","79.974","-10.026","0.007","2","-14.875","-16.826","C:/Users/iroen/OneDrive/Documents/Projects/PLUTO_Phaser/PLUTO_SDR_Beam_former/captures/pluto_phase_reference180_20260728/f2300_sweep_ch2_reference_ch1_180deg"
"2.3","2","1","180","112.5","67.5","60.818","-6.682","0.006","2","-14.879","-16.728","C:/Users/iroen/OneDrive/Documents/Projects/PLUTO_Phaser/PLUTO_SDR_Beam_former/captures/pluto_phase_reference180_20260728/f2300_sweep_ch2_reference_ch1_180deg"
"2.3","2","1","180","135","45","39.882","-5.118","0.006","2","-14.91","-16.916","C:/Users/iroen/OneDrive/Documents/Projects/PLUTO_Phaser/PLUTO_SDR_Beam_former/captures/pluto_phase_reference180_20260728/f2300_sweep_ch2_reference_ch1_180deg"
"2.3","2","1","180","157.5","22.5","18.1","-4.4","0.004","2","-14.918","-16.233","C:/Users/iroen/OneDrive/Documents/Projects/PLUTO_Phaser/PLUTO_SDR_Beam_former/captures/pluto_phase_reference180_20260728/f2300_sweep_ch2_reference_ch1_180deg"
"2.3","2","1","180","180","0","0.295","0.295","0.014","2","-14.934","-16.23","C:/Users/iroen/OneDrive/Documents/Projects/PLUTO_Phaser/PLUTO_SDR_Beam_former/captures/pluto_phase_reference180_20260728/f2300_sweep_ch2_reference_ch1_180deg"
"2.3","2","1","180","202.5","-22.5","-19.722","2.778","0.001","2","-14.921","-16.168","C:/Users/iroen/OneDrive/Documents/Projects/PLUTO_Phaser/PLUTO_SDR_Beam_former/captures/pluto_phase_reference180_20260728/f2300_sweep_ch2_reference_ch1_180deg"
"2.3","2","1","180","225","-45","-46.32","-1.32","0.003","2","-14.867","-16.15","C:/Users/iroen/OneDrive/Documents/Projects/PLUTO_Phaser/PLUTO_SDR_Beam_former/captures/pluto_phase_reference180_20260728/f2300_sweep_ch2_reference_ch1_180deg"
"2.3","2","1","180","247.5","-67.5","-68.27","-0.77","0.001","2","-14.859","-16.214","C:/Users/iroen/OneDrive/Documents/Projects/PLUTO_Phaser/PLUTO_SDR_Beam_former/captures/pluto_phase_reference180_20260728/f2300_sweep_ch2_reference_ch1_180deg"
"2.3","2","1","180","270","-90","-94.995","-4.995","0.005","2","-14.856","-17.078","C:/Users/iroen/OneDrive/Documents/Projects/PLUTO_Phaser/PLUTO_SDR_Beam_former/captures/pluto_phase_reference180_20260728/f2300_sweep_ch2_reference_ch1_180deg"
"2.3","2","1","180","292.5","-112.5","-113.91","-1.41","0.001","2","-14.868","-17.058","C:/Users/iroen/OneDrive/Documents/Projects/PLUTO_Phaser/PLUTO_SDR_Beam_former/captures/pluto_phase_reference180_20260728/f2300_sweep_ch2_reference_ch1_180deg"
"2.3","2","1","180","315","-135","-134.213","0.787","0.005","2","-14.918","-17.348","C:/Users/iroen/OneDrive/Documents/Projects/PLUTO_Phaser/PLUTO_SDR_Beam_former/captures/pluto_phase_reference180_20260728/f2300_sweep_ch2_reference_ch1_180deg"
"2.3","2","1","180","337.5","-157.5","-155.181","2.319","0.004","2","-14.94","-16.65","C:/Users/iroen/OneDrive/Documents/Projects/PLUTO_Phaser/PLUTO_SDR_Beam_former/captures/pluto_phase_reference180_20260728/f2300_sweep_ch2_reference_ch1_180deg"
"2.4","1","2","180","0","-180","177.621","-2.379","0.024","4","-16.27","-17.154","C:/Users/iroen/OneDrive/Documents/Projects/PLUTO_Phaser/PLUTO_SDR_Beam_former/captures/pluto_phase_reference180_20260728/f2400_sweep_ch1_reference_ch2_180deg"
"2.4","1","2","180","22.5","157.5","157.495","-0.005","0.004","2","-16.322","-17.126","C:/Users/iroen/OneDrive/Documents/Projects/PLUTO_Phaser/PLUTO_SDR_Beam_former/captures/pluto_phase_reference180_20260728/f2400_sweep_ch1_reference_ch2_180deg"
"2.4","1","2","180","45","135","131.982","-3.018","0.005","2","-16.107","-17.116","C:/Users/iroen/OneDrive/Documents/Projects/PLUTO_Phaser/PLUTO_SDR_Beam_former/captures/pluto_phase_reference180_20260728/f2400_sweep_ch1_reference_ch2_180deg"
"2.4","1","2","180","67.5","112.5","111.486","-1.014","0.009","2","-16.096","-17.11","C:/Users/iroen/OneDrive/Documents/Projects/PLUTO_Phaser/PLUTO_SDR_Beam_former/captures/pluto_phase_reference180_20260728/f2400_sweep_ch1_reference_ch2_180deg"
"2.4","1","2","180","90","90","86.491","-3.509","0.002","2","-16.294","-17.17","C:/Users/iroen/OneDrive/Documents/Projects/PLUTO_Phaser/PLUTO_SDR_Beam_former/captures/pluto_phase_reference180_20260728/f2400_sweep_ch1_reference_ch2_180deg"
"2.4","1","2","180","112.5","67.5","63.127","-4.373","0.005","2","-16.522","-17.197","C:/Users/iroen/OneDrive/Documents/Projects/PLUTO_Phaser/PLUTO_SDR_Beam_former/captures/pluto_phase_reference180_20260728/f2400_sweep_ch1_reference_ch2_180deg"
"2.4","1","2","180","135","45","40.541","-4.459","0.005","2","-16.816","-17.206","C:/Users/iroen/OneDrive/Documents/Projects/PLUTO_Phaser/PLUTO_SDR_Beam_former/captures/pluto_phase_reference180_20260728/f2400_sweep_ch1_reference_ch2_180deg"
"2.4","1","2","180","157.5","22.5","19.859","-2.641","0.002","2","-16.806","-17.212","C:/Users/iroen/OneDrive/Documents/Projects/PLUTO_Phaser/PLUTO_SDR_Beam_former/captures/pluto_phase_reference180_20260728/f2400_sweep_ch1_reference_ch2_180deg"
"2.4","1","2","180","180","0","-0.18","-0.18","0.004","2","-16.438","-17.158","C:/Users/iroen/OneDrive/Documents/Projects/PLUTO_Phaser/PLUTO_SDR_Beam_former/captures/pluto_phase_reference180_20260728/f2400_sweep_ch1_reference_ch2_180deg"
"2.4","1","2","180","202.5","-22.5","-20.012","2.488","0.001","2","-16.449","-17.14","C:/Users/iroen/OneDrive/Documents/Projects/PLUTO_Phaser/PLUTO_SDR_Beam_former/captures/pluto_phase_reference180_20260728/f2400_sweep_ch1_reference_ch2_180deg"
"2.4","1","2","180","225","-45","-45.137","-0.137","0.001","2","-16.272","-17.138","C:/Users/iroen/OneDrive/Documents/Projects/PLUTO_Phaser/PLUTO_SDR_Beam_former/captures/pluto_phase_reference180_20260728/f2400_sweep_ch1_reference_ch2_180deg"
"2.4","1","2","180","247.5","-67.5","-65.694","1.806","0.004","2","-16.268","-17.14","C:/Users/iroen/OneDrive/Documents/Projects/PLUTO_Phaser/PLUTO_SDR_Beam_former/captures/pluto_phase_reference180_20260728/f2400_sweep_ch1_reference_ch2_180deg"
"2.4","1","2","180","270","-90","-91.067","-1.067","0.001","2","-16.523","-17.194","C:/Users/iroen/OneDrive/Documents/Projects/PLUTO_Phaser/PLUTO_SDR_Beam_former/captures/pluto_phase_reference180_20260728/f2400_sweep_ch1_reference_ch2_180deg"
"2.4","1","2","180","292.5","-112.5","-113.813","-1.313","0.005","2","-16.772","-17.215","C:/Users/iroen/OneDrive/Documents/Projects/PLUTO_Phaser/PLUTO_SDR_Beam_former/captures/pluto_phase_reference180_20260728/f2400_sweep_ch1_reference_ch2_180deg"
"2.4","1","2","180","315","-135","-135.667","-0.667","0.01","2","-17.096","-17.216","C:/Users/iroen/OneDrive/Documents/Projects/PLUTO_Phaser/PLUTO_SDR_Beam_former/captures/pluto_phase_reference180_20260728/f2400_sweep_ch1_reference_ch2_180deg"
"2.4","1","2","180","337.5","-157.5","-156.296","1.204","0.006","2","-17.038","-17.203","C:/Users/iroen/OneDrive/Documents/Projects/PLUTO_Phaser/PLUTO_SDR_Beam_former/captures/pluto_phase_reference180_20260728/f2400_sweep_ch1_reference_ch2_180deg"
"2.4","2","1","180","0","-180","177.591","-2.409","0.018","4","-16.49","-16.951","C:/Users/iroen/OneDrive/Documents/Projects/PLUTO_Phaser/PLUTO_SDR_Beam_former/captures/pluto_phase_reference180_20260728/f2400_sweep_ch2_reference_ch1_180deg"
"2.4","2","1","180","22.5","157.5","157.565","0.065","0.003","2","-16.467","-17.011","C:/Users/iroen/OneDrive/Documents/Projects/PLUTO_Phaser/PLUTO_SDR_Beam_former/captures/pluto_phase_reference180_20260728/f2400_sweep_ch2_reference_ch1_180deg"
"2.4","2","1","180","45","135","132.659","-2.341","0.001","2","-16.446","-16.854","C:/Users/iroen/OneDrive/Documents/Projects/PLUTO_Phaser/PLUTO_SDR_Beam_former/captures/pluto_phase_reference180_20260728/f2400_sweep_ch2_reference_ch1_180deg"
"2.4","2","1","180","67.5","112.5","112.212","-0.288","0.006","2","-16.429","-16.874","C:/Users/iroen/OneDrive/Documents/Projects/PLUTO_Phaser/PLUTO_SDR_Beam_former/captures/pluto_phase_reference180_20260728/f2400_sweep_ch2_reference_ch1_180deg"
"2.4","2","1","180","90","90","88.232","-1.768","0","2","-16.468","-17.06","C:/Users/iroen/OneDrive/Documents/Projects/PLUTO_Phaser/PLUTO_SDR_Beam_former/captures/pluto_phase_reference180_20260728/f2400_sweep_ch2_reference_ch1_180deg"
"2.4","2","1","180","112.5","67.5","64.78","-2.72","0","2","-16.482","-17.15","C:/Users/iroen/OneDrive/Documents/Projects/PLUTO_Phaser/PLUTO_SDR_Beam_former/captures/pluto_phase_reference180_20260728/f2400_sweep_ch2_reference_ch1_180deg"
"2.4","2","1","180","135","45","41.842","-3.158","0.001","2","-16.492","-17.411","C:/Users/iroen/OneDrive/Documents/Projects/PLUTO_Phaser/PLUTO_SDR_Beam_former/captures/pluto_phase_reference180_20260728/f2400_sweep_ch2_reference_ch1_180deg"
"2.4","2","1","180","157.5","22.5","20.382","-2.118","0.005","2","-16.5","-17.44","C:/Users/iroen/OneDrive/Documents/Projects/PLUTO_Phaser/PLUTO_SDR_Beam_former/captures/pluto_phase_reference180_20260728/f2400_sweep_ch2_reference_ch1_180deg"
"2.4","2","1","180","180","0","0.255","0.255","0.004","2","-16.456","-17.184","C:/Users/iroen/OneDrive/Documents/Projects/PLUTO_Phaser/PLUTO_SDR_Beam_former/captures/pluto_phase_reference180_20260728/f2400_sweep_ch2_reference_ch1_180deg"
"2.4","2","1","180","202.5","-22.5","-20.001","2.499","0.007","2","-16.445","-17.198","C:/Users/iroen/OneDrive/Documents/Projects/PLUTO_Phaser/PLUTO_SDR_Beam_former/captures/pluto_phase_reference180_20260728/f2400_sweep_ch2_reference_ch1_180deg"
"2.4","2","1","180","225","-45","-44.664","0.336","0.001","2","-16.454","-17.05","C:/Users/iroen/OneDrive/Documents/Projects/PLUTO_Phaser/PLUTO_SDR_Beam_former/captures/pluto_phase_reference180_20260728/f2400_sweep_ch2_reference_ch1_180deg"
"2.4","2","1","180","247.5","-67.5","-65.076","2.424","0.001","2","-16.461","-17.07","C:/Users/iroen/OneDrive/Documents/Projects/PLUTO_Phaser/PLUTO_SDR_Beam_former/captures/pluto_phase_reference180_20260728/f2400_sweep_ch2_reference_ch1_180deg"
"2.4","2","1","180","270","-90","-89.859","0.141","0.002","2","-16.516","-17.335","C:/Users/iroen/OneDrive/Documents/Projects/PLUTO_Phaser/PLUTO_SDR_Beam_former/captures/pluto_phase_reference180_20260728/f2400_sweep_ch2_reference_ch1_180deg"
"2.4","2","1","180","292.5","-112.5","-112.675","-0.175","0.001","2","-16.536","-17.433","C:/Users/iroen/OneDrive/Documents/Projects/PLUTO_Phaser/PLUTO_SDR_Beam_former/captures/pluto_phase_reference180_20260728/f2400_sweep_ch2_reference_ch1_180deg"
"2.4","2","1","180","315","-135","-134.837","0.163","0.005","2","-16.534","-17.686","C:/Users/iroen/OneDrive/Documents/Projects/PLUTO_Phaser/PLUTO_SDR_Beam_former/captures/pluto_phase_reference180_20260728/f2400_sweep_ch2_reference_ch1_180deg"
"2.4","2","1","180","337.5","-157.5","-156.153","1.347","0.002","2","-16.534","-17.617","C:/Users/iroen/OneDrive/Documents/Projects/PLUTO_Phaser/PLUTO_SDR_Beam_former/captures/pluto_phase_reference180_20260728/f2400_sweep_ch2_reference_ch1_180deg"
"2.5","1","2","180","0","-180","178.196","-1.804","0.03","4","-17.53","-18.5","C:/Users/iroen/OneDrive/Documents/Projects/PLUTO_Phaser/PLUTO_SDR_Beam_former/captures/pluto_phase_reference180_20260728/f2500_sweep_ch1_reference_ch2_180deg"
"2.5","1","2","180","22.5","157.5","157.629","0.129","0.001","2","-17.518","-18.505","C:/Users/iroen/OneDrive/Documents/Projects/PLUTO_Phaser/PLUTO_SDR_Beam_former/captures/pluto_phase_reference180_20260728/f2500_sweep_ch1_reference_ch2_180deg"
"2.5","1","2","180","45","135","131.666","-3.334","0.006","2","-17.748","-18.543","C:/Users/iroen/OneDrive/Documents/Projects/PLUTO_Phaser/PLUTO_SDR_Beam_former/captures/pluto_phase_reference180_20260728/f2500_sweep_ch1_reference_ch2_180deg"
"2.5","1","2","180","67.5","112.5","110.692","-1.808","0.002","2","-17.765","-18.51","C:/Users/iroen/OneDrive/Documents/Projects/PLUTO_Phaser/PLUTO_SDR_Beam_former/captures/pluto_phase_reference180_20260728/f2500_sweep_ch1_reference_ch2_180deg"
"2.5","1","2","180","90","90","87.203","-2.797","0.009","2","-18.355","-18.454","C:/Users/iroen/OneDrive/Documents/Projects/PLUTO_Phaser/PLUTO_SDR_Beam_former/captures/pluto_phase_reference180_20260728/f2500_sweep_ch1_reference_ch2_180deg"
"2.5","1","2","180","112.5","67.5","67.824","0.324","0.001","2","-18.425","-18.451","C:/Users/iroen/OneDrive/Documents/Projects/PLUTO_Phaser/PLUTO_SDR_Beam_former/captures/pluto_phase_reference180_20260728/f2500_sweep_ch1_reference_ch2_180deg"
"2.5","1","2","180","135","45","47.374","2.374","0.001","2","-18.425","-18.418","C:/Users/iroen/OneDrive/Documents/Projects/PLUTO_Phaser/PLUTO_SDR_Beam_former/captures/pluto_phase_reference180_20260728/f2500_sweep_ch1_reference_ch2_180deg"
"2.5","1","2","180","157.5","22.5","25.849","3.349","0.003","2","-17.925","-18.444","C:/Users/iroen/OneDrive/Documents/Projects/PLUTO_Phaser/PLUTO_SDR_Beam_former/captures/pluto_phase_reference180_20260728/f2500_sweep_ch1_reference_ch2_180deg"
"2.5","1","2","180","180","0","0.163","0.163","0.007","2","-17.754","-18.508","C:/Users/iroen/OneDrive/Documents/Projects/PLUTO_Phaser/PLUTO_SDR_Beam_former/captures/pluto_phase_reference180_20260728/f2500_sweep_ch1_reference_ch2_180deg"
"2.5","1","2","180","202.5","-22.5","-20.386","2.114","0","2","-17.716","-18.537","C:/Users/iroen/OneDrive/Documents/Projects/PLUTO_Phaser/PLUTO_SDR_Beam_former/captures/pluto_phase_reference180_20260728/f2500_sweep_ch1_reference_ch2_180deg"
"2.5","1","2","180","225","-45","-46.358","-1.358","0.004","2","-17.996","-18.603","C:/Users/iroen/OneDrive/Documents/Projects/PLUTO_Phaser/PLUTO_SDR_Beam_former/captures/pluto_phase_reference180_20260728/f2500_sweep_ch1_reference_ch2_180deg"
"2.5","1","2","180","247.5","-67.5","-67.607","-0.107","0.004","2","-18.018","-18.576","C:/Users/iroen/OneDrive/Documents/Projects/PLUTO_Phaser/PLUTO_SDR_Beam_former/captures/pluto_phase_reference180_20260728/f2500_sweep_ch1_reference_ch2_180deg"
"2.5","1","2","180","270","-90","-92.074","-2.074","0.007","2","-18.669","-18.508","C:/Users/iroen/OneDrive/Documents/Projects/PLUTO_Phaser/PLUTO_SDR_Beam_former/captures/pluto_phase_reference180_20260728/f2500_sweep_ch1_reference_ch2_180deg"
"2.5","1","2","180","292.5","-112.5","-111.086","1.414","0","2","-18.772","-18.49","C:/Users/iroen/OneDrive/Documents/Projects/PLUTO_Phaser/PLUTO_SDR_Beam_former/captures/pluto_phase_reference180_20260728/f2500_sweep_ch1_reference_ch2_180deg"
"2.5","1","2","180","315","-135","-130.929","4.071","0.002","2","-18.816","-18.435","C:/Users/iroen/OneDrive/Documents/Projects/PLUTO_Phaser/PLUTO_SDR_Beam_former/captures/pluto_phase_reference180_20260728/f2500_sweep_ch1_reference_ch2_180deg"
"2.5","1","2","180","337.5","-157.5","-152.201","5.299","0.003","2","-18.24","-18.447","C:/Users/iroen/OneDrive/Documents/Projects/PLUTO_Phaser/PLUTO_SDR_Beam_former/captures/pluto_phase_reference180_20260728/f2500_sweep_ch1_reference_ch2_180deg"
"2.5","2","1","180","0","-180","178.036","-1.964","0.021","4","-17.762","-18.264","C:/Users/iroen/OneDrive/Documents/Projects/PLUTO_Phaser/PLUTO_SDR_Beam_former/captures/pluto_phase_reference180_20260728/f2500_sweep_ch2_reference_ch1_180deg"
"2.5","2","1","180","22.5","157.5","157.332","-0.168","0.011","2","-17.76","-18.254","C:/Users/iroen/OneDrive/Documents/Projects/PLUTO_Phaser/PLUTO_SDR_Beam_former/captures/pluto_phase_reference180_20260728/f2500_sweep_ch2_reference_ch1_180deg"
"2.5","2","1","180","45","135","132.227","-2.773","0.004","2","-17.775","-18.548","C:/Users/iroen/OneDrive/Documents/Projects/PLUTO_Phaser/PLUTO_SDR_Beam_former/captures/pluto_phase_reference180_20260728/f2500_sweep_ch2_reference_ch1_180deg"
"2.5","2","1","180","67.5","112.5","111.207","-1.293","0.003","2","-17.726","-18.577","C:/Users/iroen/OneDrive/Documents/Projects/PLUTO_Phaser/PLUTO_SDR_Beam_former/captures/pluto_phase_reference180_20260728/f2500_sweep_ch2_reference_ch1_180deg"
"2.5","2","1","180","90","90","88.82","-1.18","0.005","2","-17.662","-19.18","C:/Users/iroen/OneDrive/Documents/Projects/PLUTO_Phaser/PLUTO_SDR_Beam_former/captures/pluto_phase_reference180_20260728/f2500_sweep_ch2_reference_ch1_180deg"
"2.5","2","1","180","112.5","67.5","69.395","1.895","0.001","2","-17.658","-19.052","C:/Users/iroen/OneDrive/Documents/Projects/PLUTO_Phaser/PLUTO_SDR_Beam_former/captures/pluto_phase_reference180_20260728/f2500_sweep_ch2_reference_ch1_180deg"
"2.5","2","1","180","135","45","48.609","3.609","0.005","2","-17.629","-18.984","C:/Users/iroen/OneDrive/Documents/Projects/PLUTO_Phaser/PLUTO_SDR_Beam_former/captures/pluto_phase_reference180_20260728/f2500_sweep_ch2_reference_ch1_180deg"
"2.5","2","1","180","157.5","22.5","25.701","3.201","0.003","2","-17.674","-18.495","C:/Users/iroen/OneDrive/Documents/Projects/PLUTO_Phaser/PLUTO_SDR_Beam_former/captures/pluto_phase_reference180_20260728/f2500_sweep_ch2_reference_ch1_180deg"
"2.5","2","1","180","180","0","-0.011","-0.011","0.002","2","-17.747","-18.504","C:/Users/iroen/OneDrive/Documents/Projects/PLUTO_Phaser/PLUTO_SDR_Beam_former/captures/pluto_phase_reference180_20260728/f2500_sweep_ch2_reference_ch1_180deg"
"2.5","2","1","180","202.5","-22.5","-20.674","1.826","0.002","2","-17.779","-18.48","C:/Users/iroen/OneDrive/Documents/Projects/PLUTO_Phaser/PLUTO_SDR_Beam_former/captures/pluto_phase_reference180_20260728/f2500_sweep_ch2_reference_ch1_180deg"
"2.5","2","1","180","225","-45","-45.687","-0.687","0.001","2","-17.826","-18.812","C:/Users/iroen/OneDrive/Documents/Projects/PLUTO_Phaser/PLUTO_SDR_Beam_former/captures/pluto_phase_reference180_20260728/f2500_sweep_ch2_reference_ch1_180deg"
"2.5","2","1","180","247.5","-67.5","-66.864","0.637","0.004","2","-17.792","-18.83","C:/Users/iroen/OneDrive/Documents/Projects/PLUTO_Phaser/PLUTO_SDR_Beam_former/captures/pluto_phase_reference180_20260728/f2500_sweep_ch2_reference_ch1_180deg"
"2.5","2","1","180","270","-90","-90.287","-0.287","0.003","2","-17.723","-19.476","C:/Users/iroen/OneDrive/Documents/Projects/PLUTO_Phaser/PLUTO_SDR_Beam_former/captures/pluto_phase_reference180_20260728/f2500_sweep_ch2_reference_ch1_180deg"
"2.5","2","1","180","292.5","-112.5","-109.181","3.319","0.001","2","-17.712","-19.378","C:/Users/iroen/OneDrive/Documents/Projects/PLUTO_Phaser/PLUTO_SDR_Beam_former/captures/pluto_phase_reference180_20260728/f2500_sweep_ch2_reference_ch1_180deg"
"2.5","2","1","180","315","-135","-129.164","5.836","0.002","2","-17.672","-19.352","C:/Users/iroen/OneDrive/Documents/Projects/PLUTO_Phaser/PLUTO_SDR_Beam_former/captures/pluto_phase_reference180_20260728/f2500_sweep_ch2_reference_ch1_180deg"
"2.5","2","1","180","337.5","-157.5","-151.618","5.882","0.004","2","-17.699","-18.745","C:/Users/iroen/OneDrive/Documents/Projects/PLUTO_Phaser/PLUTO_SDR_Beam_former/captures/pluto_phase_reference180_20260728/f2500_sweep_ch2_reference_ch1_180deg"
"2.7","1","2","180","0","-180","-178.283","1.717","0.037","4","-17.67","-19.542","C:/Users/iroen/OneDrive/Documents/Projects/PLUTO_Phaser/PLUTO_SDR_Beam_former/captures/pluto_phase_reference180_20260728/f2700_sweep_ch1_reference_ch2_180deg"
"2.7","1","2","180","22.5","157.5","160.838","3.338","0.001","2","-17.651","-19.528","C:/Users/iroen/OneDrive/Documents/Projects/PLUTO_Phaser/PLUTO_SDR_Beam_former/captures/pluto_phase_reference180_20260728/f2700_sweep_ch1_reference_ch2_180deg"
"2.7","1","2","180","45","135","136.294","1.294","0.001","2","-17.694","-19.516","C:/Users/iroen/OneDrive/Documents/Projects/PLUTO_Phaser/PLUTO_SDR_Beam_former/captures/pluto_phase_reference180_20260728/f2700_sweep_ch1_reference_ch2_180deg"
"2.7","1","2","180","67.5","112.5","115.218","2.718","0.002","2","-17.709","-19.498","C:/Users/iroen/OneDrive/Documents/Projects/PLUTO_Phaser/PLUTO_SDR_Beam_former/captures/pluto_phase_reference180_20260728/f2700_sweep_ch1_reference_ch2_180deg"
"2.7","1","2","180","90","90","92.216","2.215","0.003","2","-18.039","-19.474","C:/Users/iroen/OneDrive/Documents/Projects/PLUTO_Phaser/PLUTO_SDR_Beam_former/captures/pluto_phase_reference180_20260728/f2700_sweep_ch1_reference_ch2_180deg"
"2.7","1","2","180","112.5","67.5","70.315","2.815","0","2","-18.263","-19.466","C:/Users/iroen/OneDrive/Documents/Projects/PLUTO_Phaser/PLUTO_SDR_Beam_former/captures/pluto_phase_reference180_20260728/f2700_sweep_ch1_reference_ch2_180deg"
"2.7","1","2","180","135","45","49.489","4.489","0.004","2","-18.303","-19.462","C:/Users/iroen/OneDrive/Documents/Projects/PLUTO_Phaser/PLUTO_SDR_Beam_former/captures/pluto_phase_reference180_20260728/f2700_sweep_ch1_reference_ch2_180deg"
"2.7","1","2","180","157.5","22.5","27.944","5.444","0.003","2","-18.239","-19.475","C:/Users/iroen/OneDrive/Documents/Projects/PLUTO_Phaser/PLUTO_SDR_Beam_former/captures/pluto_phase_reference180_20260728/f2700_sweep_ch1_reference_ch2_180deg"
"2.7","1","2","180","180","0","0.241","0.241","0.005","2","-17.68","-19.514","C:/Users/iroen/OneDrive/Documents/Projects/PLUTO_Phaser/PLUTO_SDR_Beam_former/captures/pluto_phase_reference180_20260728/f2700_sweep_ch1_reference_ch2_180deg"
"2.7","1","2","180","202.5","-22.5","-20.645","1.855","0.003","2","-17.646","-19.534","C:/Users/iroen/OneDrive/Documents/Projects/PLUTO_Phaser/PLUTO_SDR_Beam_former/captures/pluto_phase_reference180_20260728/f2700_sweep_ch1_reference_ch2_180deg"
"2.7","1","2","180","225","-45","-45.093","-0.093","0.003","2","-17.786","-19.571","C:/Users/iroen/OneDrive/Documents/Projects/PLUTO_Phaser/PLUTO_SDR_Beam_former/captures/pluto_phase_reference180_20260728/f2700_sweep_ch1_reference_ch2_180deg"
"2.7","1","2","180","247.5","-67.5","-66.183","1.317","0","2","-17.83","-19.578","C:/Users/iroen/OneDrive/Documents/Projects/PLUTO_Phaser/PLUTO_SDR_Beam_former/captures/pluto_phase_reference180_20260728/f2700_sweep_ch1_reference_ch2_180deg"
"2.7","1","2","180","270","-90","-89.438","0.562","0.005","2","-18.274","-19.564","C:/Users/iroen/OneDrive/Documents/Projects/PLUTO_Phaser/PLUTO_SDR_Beam_former/captures/pluto_phase_reference180_20260728/f2700_sweep_ch1_reference_ch2_180deg"
"2.7","1","2","180","292.5","-112.5","-110.413","2.087","0.004","2","-18.471","-19.558","C:/Users/iroen/OneDrive/Documents/Projects/PLUTO_Phaser/PLUTO_SDR_Beam_former/captures/pluto_phase_reference180_20260728/f2700_sweep_ch1_reference_ch2_180deg"
"2.7","1","2","180","315","-135","-130.528","4.472","0.002","2","-18.505","-19.542","C:/Users/iroen/OneDrive/Documents/Projects/PLUTO_Phaser/PLUTO_SDR_Beam_former/captures/pluto_phase_reference180_20260728/f2700_sweep_ch1_reference_ch2_180deg"
"2.7","1","2","180","337.5","-157.5","-152.23","5.27","0.001","2","-18.293","-19.542","C:/Users/iroen/OneDrive/Documents/Projects/PLUTO_Phaser/PLUTO_SDR_Beam_former/captures/pluto_phase_reference180_20260728/f2700_sweep_ch1_reference_ch2_180deg"
"2.7","2","1","180","0","-180","-177.616","2.384","0.023","4","-17.664","-19.528","C:/Users/iroen/OneDrive/Documents/Projects/PLUTO_Phaser/PLUTO_SDR_Beam_former/captures/pluto_phase_reference180_20260728/f2700_sweep_ch2_reference_ch1_180deg"
"2.7","2","1","180","22.5","157.5","161.031","3.531","0","2","-17.658","-19.561","C:/Users/iroen/OneDrive/Documents/Projects/PLUTO_Phaser/PLUTO_SDR_Beam_former/captures/pluto_phase_reference180_20260728/f2700_sweep_ch2_reference_ch1_180deg"
"2.7","2","1","180","45","135","136.288","1.288","0.001","2","-17.661","-19.871","C:/Users/iroen/OneDrive/Documents/Projects/PLUTO_Phaser/PLUTO_SDR_Beam_former/captures/pluto_phase_reference180_20260728/f2700_sweep_ch2_reference_ch1_180deg"
"2.7","2","1","180","67.5","112.5","114.954","2.454","0","2","-17.635","-19.938","C:/Users/iroen/OneDrive/Documents/Projects/PLUTO_Phaser/PLUTO_SDR_Beam_former/captures/pluto_phase_reference180_20260728/f2700_sweep_ch2_reference_ch1_180deg"
"2.7","2","1","180","90","90","93.124","3.124","0.004","2","-17.614","-20.441","C:/Users/iroen/OneDrive/Documents/Projects/PLUTO_Phaser/PLUTO_SDR_Beam_former/captures/pluto_phase_reference180_20260728/f2700_sweep_ch2_reference_ch1_180deg"
"2.7","2","1","180","112.5","67.5","72.571","5.071","0.004","2","-17.614","-20.344","C:/Users/iroen/OneDrive/Documents/Projects/PLUTO_Phaser/PLUTO_SDR_Beam_former/captures/pluto_phase_reference180_20260728/f2700_sweep_ch2_reference_ch1_180deg"
"2.7","2","1","180","135","45","51.668","6.668","0.001","2","-17.621","-20.224","C:/Users/iroen/OneDrive/Documents/Projects/PLUTO_Phaser/PLUTO_SDR_Beam_former/captures/pluto_phase_reference180_20260728/f2700_sweep_ch2_reference_ch1_180deg"
"2.7","2","1","180","157.5","22.5","28.37","5.869","0.004","2","-17.633","-19.838","C:/Users/iroen/OneDrive/Documents/Projects/PLUTO_Phaser/PLUTO_SDR_Beam_former/captures/pluto_phase_reference180_20260728/f2700_sweep_ch2_reference_ch1_180deg"
"2.7","2","1","180","180","0","-0.033","-0.033","0.006","2","-17.676","-19.517","C:/Users/iroen/OneDrive/Documents/Projects/PLUTO_Phaser/PLUTO_SDR_Beam_former/captures/pluto_phase_reference180_20260728/f2700_sweep_ch2_reference_ch1_180deg"
"2.7","2","1","180","202.5","-22.5","-21.057","1.443","0.002","2","-17.684","-19.49","C:/Users/iroen/OneDrive/Documents/Projects/PLUTO_Phaser/PLUTO_SDR_Beam_former/captures/pluto_phase_reference180_20260728/f2700_sweep_ch2_reference_ch1_180deg"
"2.7","2","1","180","225","-45","-44.918","0.082","0.001","2","-17.684","-19.834","C:/Users/iroen/OneDrive/Documents/Projects/PLUTO_Phaser/PLUTO_SDR_Beam_former/captures/pluto_phase_reference180_20260728/f2700_sweep_ch2_reference_ch1_180deg"
"2.7","2","1","180","247.5","-67.5","-65.666","1.834","0.002","2","-17.664","-19.924","C:/Users/iroen/OneDrive/Documents/Projects/PLUTO_Phaser/PLUTO_SDR_Beam_former/captures/pluto_phase_reference180_20260728/f2700_sweep_ch2_reference_ch1_180deg"
"2.7","2","1","180","270","-90","-87.143","2.857","0.004","2","-17.637","-20.54","C:/Users/iroen/OneDrive/Documents/Projects/PLUTO_Phaser/PLUTO_SDR_Beam_former/captures/pluto_phase_reference180_20260728/f2700_sweep_ch2_reference_ch1_180deg"
"2.7","2","1","180","292.5","-112.5","-106.309","6.191","0.004","2","-17.63","-20.481","C:/Users/iroen/OneDrive/Documents/Projects/PLUTO_Phaser/PLUTO_SDR_Beam_former/captures/pluto_phase_reference180_20260728/f2700_sweep_ch2_reference_ch1_180deg"
"2.7","2","1","180","315","-135","-126","9","0.001","2","-17.623","-20.446","C:/Users/iroen/OneDrive/Documents/Projects/PLUTO_Phaser/PLUTO_SDR_Beam_former/captures/pluto_phase_reference180_20260728/f2700_sweep_ch2_reference_ch1_180deg"
"2.7","2","1","180","337.5","-157.5","-149.169","8.331","0.002","2","-17.64","-20.007","C:/Users/iroen/OneDrive/Documents/Projects/PLUTO_Phaser/PLUTO_SDR_Beam_former/captures/pluto_phase_reference180_20260728/f2700_sweep_ch2_reference_ch1_180deg"
"3","1","2","180","0","-180","-177.546","2.454","0.022","4","-20.47","-21.877","C:/Users/iroen/OneDrive/Documents/Projects/PLUTO_Phaser/PLUTO_SDR_Beam_former/captures/pluto_phase_reference180_20260728/f3000_sweep_ch1_reference_ch2_180deg"
"3","1","2","180","22.5","157.5","159.976","2.476","0.001","2","-20.462","-21.874","C:/Users/iroen/OneDrive/Documents/Projects/PLUTO_Phaser/PLUTO_SDR_Beam_former/captures/pluto_phase_reference180_20260728/f3000_sweep_ch1_reference_ch2_180deg"
"3","1","2","180","45","135","136.547","1.547","0.009","2","-20.782","-21.812","C:/Users/iroen/OneDrive/Documents/Projects/PLUTO_Phaser/PLUTO_SDR_Beam_former/captures/pluto_phase_reference180_20260728/f3000_sweep_ch1_reference_ch2_180deg"
"3","1","2","180","67.5","112.5","115.201","2.701","0.006","2","-20.78","-21.764","C:/Users/iroen/OneDrive/Documents/Projects/PLUTO_Phaser/PLUTO_SDR_Beam_former/captures/pluto_phase_reference180_20260728/f3000_sweep_ch1_reference_ch2_180deg"
"3","1","2","180","90","90","94.15","4.15","0.005","2","-21.28","-21.716","C:/Users/iroen/OneDrive/Documents/Projects/PLUTO_Phaser/PLUTO_SDR_Beam_former/captures/pluto_phase_reference180_20260728/f3000_sweep_ch1_reference_ch2_180deg"
"3","1","2","180","112.5","67.5","73.378","5.878","0.005","2","-21.465","-21.704","C:/Users/iroen/OneDrive/Documents/Projects/PLUTO_Phaser/PLUTO_SDR_Beam_former/captures/pluto_phase_reference180_20260728/f3000_sweep_ch1_reference_ch2_180deg"
"3","1","2","180","135","45","52.637","7.637","0.002","2","-21.194","-21.695","C:/Users/iroen/OneDrive/Documents/Projects/PLUTO_Phaser/PLUTO_SDR_Beam_former/captures/pluto_phase_reference180_20260728/f3000_sweep_ch1_reference_ch2_180deg"
"3","1","2","180","157.5","22.5","30.138","7.638","0","2","-21.153","-21.716","C:/Users/iroen/OneDrive/Documents/Projects/PLUTO_Phaser/PLUTO_SDR_Beam_former/captures/pluto_phase_reference180_20260728/f3000_sweep_ch1_reference_ch2_180deg"
"3","1","2","180","180","0","0.535","0.535","0.008","2","-20.325","-21.774","C:/Users/iroen/OneDrive/Documents/Projects/PLUTO_Phaser/PLUTO_SDR_Beam_former/captures/pluto_phase_reference180_20260728/f3000_sweep_ch1_reference_ch2_180deg"
"3","1","2","180","202.5","-22.5","-21.595","0.905","0.001","2","-20.367","-21.812","C:/Users/iroen/OneDrive/Documents/Projects/PLUTO_Phaser/PLUTO_SDR_Beam_former/captures/pluto_phase_reference180_20260728/f3000_sweep_ch1_reference_ch2_180deg"
"3","1","2","180","225","-45","-44.474","0.526","0.01","2","-20.832","-21.838","C:/Users/iroen/OneDrive/Documents/Projects/PLUTO_Phaser/PLUTO_SDR_Beam_former/captures/pluto_phase_reference180_20260728/f3000_sweep_ch1_reference_ch2_180deg"
"3","1","2","180","247.5","-67.5","-65.493","2.007","0.007","2","-20.858","-21.852","C:/Users/iroen/OneDrive/Documents/Projects/PLUTO_Phaser/PLUTO_SDR_Beam_former/captures/pluto_phase_reference180_20260728/f3000_sweep_ch1_reference_ch2_180deg"
"3","1","2","180","270","-90","-86.417","3.583","0.003","2","-21.388","-21.845","C:/Users/iroen/OneDrive/Documents/Projects/PLUTO_Phaser/PLUTO_SDR_Beam_former/captures/pluto_phase_reference180_20260728/f3000_sweep_ch1_reference_ch2_180deg"
"3","1","2","180","292.5","-112.5","-107.021","5.479","0","2","-21.47","-21.85","C:/Users/iroen/OneDrive/Documents/Projects/PLUTO_Phaser/PLUTO_SDR_Beam_former/captures/pluto_phase_reference180_20260728/f3000_sweep_ch1_reference_ch2_180deg"
"3","1","2","180","315","-135","-128.002","6.998","0","2","-21.182","-21.865","C:/Users/iroen/OneDrive/Documents/Projects/PLUTO_Phaser/PLUTO_SDR_Beam_former/captures/pluto_phase_reference180_20260728/f3000_sweep_ch1_reference_ch2_180deg"
"3","1","2","180","337.5","-157.5","-151.992","5.508","0.009","2","-21.051","-21.863","C:/Users/iroen/OneDrive/Documents/Projects/PLUTO_Phaser/PLUTO_SDR_Beam_former/captures/pluto_phase_reference180_20260728/f3000_sweep_ch1_reference_ch2_180deg"
"3","2","1","180","0","-180","-176.784","3.216","0.026","4","-20.312","-21.974","C:/Users/iroen/OneDrive/Documents/Projects/PLUTO_Phaser/PLUTO_SDR_Beam_former/captures/pluto_phase_reference180_20260728/f3000_sweep_ch2_reference_ch1_180deg"
"3","2","1","180","22.5","157.5","160.951","3.452","0.001","2","-20.305","-21.978","C:/Users/iroen/OneDrive/Documents/Projects/PLUTO_Phaser/PLUTO_SDR_Beam_former/captures/pluto_phase_reference180_20260728/f3000_sweep_ch2_reference_ch1_180deg"
"3","2","1","180","45","135","137.336","2.336","0.001","2","-20.286","-22.356","C:/Users/iroen/OneDrive/Documents/Projects/PLUTO_Phaser/PLUTO_SDR_Beam_former/captures/pluto_phase_reference180_20260728/f3000_sweep_ch2_reference_ch1_180deg"
"3","2","1","180","67.5","112.5","115.902","3.402","0.006","2","-20.274","-22.368","C:/Users/iroen/OneDrive/Documents/Projects/PLUTO_Phaser/PLUTO_SDR_Beam_former/captures/pluto_phase_reference180_20260728/f3000_sweep_ch2_reference_ch1_180deg"
"3","2","1","180","90","90","94.61","4.61","0.003","2","-20.246","-22.878","C:/Users/iroen/OneDrive/Documents/Projects/PLUTO_Phaser/PLUTO_SDR_Beam_former/captures/pluto_phase_reference180_20260728/f3000_sweep_ch2_reference_ch1_180deg"
"3","2","1","180","112.5","67.5","73.416","5.916","0.005","2","-20.238","-23.017","C:/Users/iroen/OneDrive/Documents/Projects/PLUTO_Phaser/PLUTO_SDR_Beam_former/captures/pluto_phase_reference180_20260728/f3000_sweep_ch2_reference_ch1_180deg"
"3","2","1","180","135","45","52.53","7.53","0.004","2","-20.251","-22.749","C:/Users/iroen/OneDrive/Documents/Projects/PLUTO_Phaser/PLUTO_SDR_Beam_former/captures/pluto_phase_reference180_20260728/f3000_sweep_ch2_reference_ch1_180deg"
"3","2","1","180","157.5","22.5","29.538","7.038","0.008","2","-20.264","-22.656","C:/Users/iroen/OneDrive/Documents/Projects/PLUTO_Phaser/PLUTO_SDR_Beam_former/captures/pluto_phase_reference180_20260728/f3000_sweep_ch2_reference_ch1_180deg"
"3","2","1","180","180","0","-0.105","-0.105","0.006","2","-20.312","-21.772","C:/Users/iroen/OneDrive/Documents/Projects/PLUTO_Phaser/PLUTO_SDR_Beam_former/captures/pluto_phase_reference180_20260728/f3000_sweep_ch2_reference_ch1_180deg"
"3","2","1","180","202.5","-22.5","-22.163","0.337","0.016","2","-20.334","-21.795","C:/Users/iroen/OneDrive/Documents/Projects/PLUTO_Phaser/PLUTO_SDR_Beam_former/captures/pluto_phase_reference180_20260728/f3000_sweep_ch2_reference_ch1_180deg"
"3","2","1","180","225","-45","-45.005","-0.005","0.004","2","-20.331","-22.262","C:/Users/iroen/OneDrive/Documents/Projects/PLUTO_Phaser/PLUTO_SDR_Beam_former/captures/pluto_phase_reference180_20260728/f3000_sweep_ch2_reference_ch1_180deg"
"3","2","1","180","247.5","-67.5","-65.676","1.824","0.006","2","-20.329","-22.31","C:/Users/iroen/OneDrive/Documents/Projects/PLUTO_Phaser/PLUTO_SDR_Beam_former/captures/pluto_phase_reference180_20260728/f3000_sweep_ch2_reference_ch1_180deg"
"3","2","1","180","270","-90","-86.274","3.726","0.003","2","-20.302","-22.836","C:/Users/iroen/OneDrive/Documents/Projects/PLUTO_Phaser/PLUTO_SDR_Beam_former/captures/pluto_phase_reference180_20260728/f3000_sweep_ch2_reference_ch1_180deg"
"3","2","1","180","292.5","-112.5","-106.679","5.822","0.013","2","-20.303","-22.913","C:/Users/iroen/OneDrive/Documents/Projects/PLUTO_Phaser/PLUTO_SDR_Beam_former/captures/pluto_phase_reference180_20260728/f3000_sweep_ch2_reference_ch1_180deg"
"3","2","1","180","315","-135","-127.21","7.79","0.004","2","-20.306","-22.666","C:/Users/iroen/OneDrive/Documents/Projects/PLUTO_Phaser/PLUTO_SDR_Beam_former/captures/pluto_phase_reference180_20260728/f3000_sweep_ch2_reference_ch1_180deg"
"3","2","1","180","337.5","-157.5","-151.227","6.273","0.003","2","-20.309","-22.538","C:/Users/iroen/OneDrive/Documents/Projects/PLUTO_Phaser/PLUTO_SDR_Beam_former/captures/pluto_phase_reference180_20260728/f3000_sweep_ch2_reference_ch1_180deg"
"3.3","1","2","180","0","-180","-179.994","0.006","0.044","4","-23.053","-26.657","C:/Users/iroen/OneDrive/Documents/Projects/PLUTO_Phaser/PLUTO_SDR_Beam_former/captures/pluto_phase_reference180_20260728/f3300_sweep_ch1_reference_ch2_180deg"
"3.3","1","2","180","22.5","157.5","156.344","-1.156","0.003","2","-23.246","-26.624","C:/Users/iroen/OneDrive/Documents/Projects/PLUTO_Phaser/PLUTO_SDR_Beam_former/captures/pluto_phase_reference180_20260728/f3300_sweep_ch1_reference_ch2_180deg"
"3.3","1","2","180","45","135","134.353","-0.647","0.002","2","-23.518","-26.586","C:/Users/iroen/OneDrive/Documents/Projects/PLUTO_Phaser/PLUTO_SDR_Beam_former/captures/pluto_phase_reference180_20260728/f3300_sweep_ch1_reference_ch2_180deg"
"3.3","1","2","180","67.5","112.5","112.29","-0.21","0.001","2","-23.592","-26.57","C:/Users/iroen/OneDrive/Documents/Projects/PLUTO_Phaser/PLUTO_SDR_Beam_former/captures/pluto_phase_reference180_20260728/f3300_sweep_ch1_reference_ch2_180deg"
"3.3","1","2","180","90","90","92.548","2.548","0.006","2","-24.24","-26.532","C:/Users/iroen/OneDrive/Documents/Projects/PLUTO_Phaser/PLUTO_SDR_Beam_former/captures/pluto_phase_reference180_20260728/f3300_sweep_ch1_reference_ch2_180deg"
"3.3","1","2","180","112.5","67.5","72.484","4.984","0","2","-24.339","-26.528","C:/Users/iroen/OneDrive/Documents/Projects/PLUTO_Phaser/PLUTO_SDR_Beam_former/captures/pluto_phase_reference180_20260728/f3300_sweep_ch1_reference_ch2_180deg"
"3.3","1","2","180","135","45","49.384","4.383","0.001","2","-23.925","-26.527","C:/Users/iroen/OneDrive/Documents/Projects/PLUTO_Phaser/PLUTO_SDR_Beam_former/captures/pluto_phase_reference180_20260728/f3300_sweep_ch1_reference_ch2_180deg"
"3.3","1","2","180","157.5","22.5","26.242","3.742","0.006","2","-23.852","-26.518","C:/Users/iroen/OneDrive/Documents/Projects/PLUTO_Phaser/PLUTO_SDR_Beam_former/captures/pluto_phase_reference180_20260728/f3300_sweep_ch1_reference_ch2_180deg"
"3.3","1","2","180","180","0","-1.984","-1.984","0.006","2","-23.058","-26.53","C:/Users/iroen/OneDrive/Documents/Projects/PLUTO_Phaser/PLUTO_SDR_Beam_former/captures/pluto_phase_reference180_20260728/f3300_sweep_ch1_reference_ch2_180deg"
"3.3","1","2","180","202.5","-22.5","-25.097","-2.597","0.003","2","-23.254","-26.529","C:/Users/iroen/OneDrive/Documents/Projects/PLUTO_Phaser/PLUTO_SDR_Beam_former/captures/pluto_phase_reference180_20260728/f3300_sweep_ch1_reference_ch2_180deg"
"3.3","1","2","180","225","-45","-46.632","-1.632","0.003","2","-23.576","-26.54","C:/Users/iroen/OneDrive/Documents/Projects/PLUTO_Phaser/PLUTO_SDR_Beam_former/captures/pluto_phase_reference180_20260728/f3300_sweep_ch1_reference_ch2_180deg"
"3.3","1","2","180","247.5","-67.5","-68.49","-0.99","0.008","2","-23.546","-26.566","C:/Users/iroen/OneDrive/Documents/Projects/PLUTO_Phaser/PLUTO_SDR_Beam_former/captures/pluto_phase_reference180_20260728/f3300_sweep_ch1_reference_ch2_180deg"
"3.3","1","2","180","270","-90","-88.14","1.86","0.001","2","-24.097","-26.584","C:/Users/iroen/OneDrive/Documents/Projects/PLUTO_Phaser/PLUTO_SDR_Beam_former/captures/pluto_phase_reference180_20260728/f3300_sweep_ch1_reference_ch2_180deg"
"3.3","1","2","180","292.5","-112.5","-108.412","4.088","0.002","2","-24.055","-26.609","C:/Users/iroen/OneDrive/Documents/Projects/PLUTO_Phaser/PLUTO_SDR_Beam_former/captures/pluto_phase_reference180_20260728/f3300_sweep_ch1_reference_ch2_180deg"
"3.3","1","2","180","315","-135","-131.982","3.018","0.004","2","-23.639","-26.64","C:/Users/iroen/OneDrive/Documents/Projects/PLUTO_Phaser/PLUTO_SDR_Beam_former/captures/pluto_phase_reference180_20260728/f3300_sweep_ch1_reference_ch2_180deg"
"3.3","1","2","180","337.5","-157.5","-156.072","1.428","0","2","-23.575","-26.65","C:/Users/iroen/OneDrive/Documents/Projects/PLUTO_Phaser/PLUTO_SDR_Beam_former/captures/pluto_phase_reference180_20260728/f3300_sweep_ch1_reference_ch2_180deg"
"3.3","2","1","180","0","-180","-177.488","2.512","0.029","4","-22.984","-26.62","C:/Users/iroen/OneDrive/Documents/Projects/PLUTO_Phaser/PLUTO_SDR_Beam_former/captures/pluto_phase_reference180_20260728/f3300_sweep_ch2_reference_ch1_180deg"
"3.3","2","1","180","22.5","157.5","160.151","2.651","0.008","2","-23.003","-26.568","C:/Users/iroen/OneDrive/Documents/Projects/PLUTO_Phaser/PLUTO_SDR_Beam_former/captures/pluto_phase_reference180_20260728/f3300_sweep_ch2_reference_ch1_180deg"
"3.3","2","1","180","45","135","139.599","4.599","0.007","2","-23.014","-26.796","C:/Users/iroen/OneDrive/Documents/Projects/PLUTO_Phaser/PLUTO_SDR_Beam_former/captures/pluto_phase_reference180_20260728/f3300_sweep_ch2_reference_ch1_180deg"
"3.3","2","1","180","67.5","112.5","116.203","3.703","0.001","2","-23.033","-26.716","C:/Users/iroen/OneDrive/Documents/Projects/PLUTO_Phaser/PLUTO_SDR_Beam_former/captures/pluto_phase_reference180_20260728/f3300_sweep_ch2_reference_ch1_180deg"
"3.3","2","1","180","90","90","94.33","4.33","0.001","2","-23.026","-26.87","C:/Users/iroen/OneDrive/Documents/Projects/PLUTO_Phaser/PLUTO_SDR_Beam_former/captures/pluto_phase_reference180_20260728/f3300_sweep_ch2_reference_ch1_180deg"
"3.3","2","1","180","112.5","67.5","70.894","3.394","0.001","2","-23.025","-27.078","C:/Users/iroen/OneDrive/Documents/Projects/PLUTO_Phaser/PLUTO_SDR_Beam_former/captures/pluto_phase_reference180_20260728/f3300_sweep_ch2_reference_ch1_180deg"
"3.3","2","1","180","135","45","48.295","3.295","0.003","2","-23.034","-27.226","C:/Users/iroen/OneDrive/Documents/Projects/PLUTO_Phaser/PLUTO_SDR_Beam_former/captures/pluto_phase_reference180_20260728/f3300_sweep_ch2_reference_ch1_180deg"
"3.3","2","1","180","157.5","22.5","25.747","3.247","0.007","2","-23.032","-27.625","C:/Users/iroen/OneDrive/Documents/Projects/PLUTO_Phaser/PLUTO_SDR_Beam_former/captures/pluto_phase_reference180_20260728/f3300_sweep_ch2_reference_ch1_180deg"
"3.3","2","1","180","180","0","1.842","1.842","0.01","2","-23.053","-26.542","C:/Users/iroen/OneDrive/Documents/Projects/PLUTO_Phaser/PLUTO_SDR_Beam_former/captures/pluto_phase_reference180_20260728/f3300_sweep_ch2_reference_ch1_180deg"
"3.3","2","1","180","202.5","-22.5","-20.532","1.968","0","2","-23.06","-26.494","C:/Users/iroen/OneDrive/Documents/Projects/PLUTO_Phaser/PLUTO_SDR_Beam_former/captures/pluto_phase_reference180_20260728/f3300_sweep_ch2_reference_ch1_180deg"
"3.3","2","1","180","225","-45","-40.673","4.327","0.001","2","-23.06","-26.768","C:/Users/iroen/OneDrive/Documents/Projects/PLUTO_Phaser/PLUTO_SDR_Beam_former/captures/pluto_phase_reference180_20260728/f3300_sweep_ch2_reference_ch1_180deg"
"3.3","2","1","180","247.5","-67.5","-64.011","3.489","0.005","2","-23.06","-26.632","C:/Users/iroen/OneDrive/Documents/Projects/PLUTO_Phaser/PLUTO_SDR_Beam_former/captures/pluto_phase_reference180_20260728/f3300_sweep_ch2_reference_ch1_180deg"
"3.3","2","1","180","270","-90","-85.85","4.15","0.008","2","-23.032","-26.691","C:/Users/iroen/OneDrive/Documents/Projects/PLUTO_Phaser/PLUTO_SDR_Beam_former/captures/pluto_phase_reference180_20260728/f3300_sweep_ch2_reference_ch1_180deg"
"3.3","2","1","180","292.5","-112.5","-109.429","3.071","0.001","2","-23.011","-26.786","C:/Users/iroen/OneDrive/Documents/Projects/PLUTO_Phaser/PLUTO_SDR_Beam_former/captures/pluto_phase_reference180_20260728/f3300_sweep_ch2_reference_ch1_180deg"
"3.3","2","1","180","315","-135","-131.937","3.063","0","2","-22.992","-26.93","C:/Users/iroen/OneDrive/Documents/Projects/PLUTO_Phaser/PLUTO_SDR_Beam_former/captures/pluto_phase_reference180_20260728/f3300_sweep_ch2_reference_ch1_180deg"
"3.3","2","1","180","337.5","-157.5","-154.967","2.533","0.008","2","-22.972","-27.343","C:/Users/iroen/OneDrive/Documents/Projects/PLUTO_Phaser/PLUTO_SDR_Beam_former/captures/pluto_phase_reference180_20260728/f3300_sweep_ch2_reference_ch1_180deg"
"3.5","1","2","180","0","-180","177.842","-2.158","0.048","4","-26.919","-28.507","C:/Users/iroen/OneDrive/Documents/Projects/PLUTO_Phaser/PLUTO_SDR_Beam_former/captures/pluto_phase_reference180_20260728/f3500_sweep_ch1_reference_ch2_180deg"
"3.5","1","2","180","22.5","157.5","152.74","-4.76","0.001","2","-26.876","-28.476","C:/Users/iroen/OneDrive/Documents/Projects/PLUTO_Phaser/PLUTO_SDR_Beam_former/captures/pluto_phase_reference180_20260728/f3500_sweep_ch1_reference_ch2_180deg"
"3.5","1","2","180","45","135","131.046","-3.954","0.001","2","-26.909","-28.479","C:/Users/iroen/OneDrive/Documents/Projects/PLUTO_Phaser/PLUTO_SDR_Beam_former/captures/pluto_phase_reference180_20260728/f3500_sweep_ch1_reference_ch2_180deg"
"3.5","1","2","180","67.5","112.5","107.1","-5.4","0.004","2","-27.06","-28.467","C:/Users/iroen/OneDrive/Documents/Projects/PLUTO_Phaser/PLUTO_SDR_Beam_former/captures/pluto_phase_reference180_20260728/f3500_sweep_ch1_reference_ch2_180deg"
"3.5","1","2","180","90","90","83.303","-6.697","0.006","2","-27.966","-28.483","C:/Users/iroen/OneDrive/Documents/Projects/PLUTO_Phaser/PLUTO_SDR_Beam_former/captures/pluto_phase_reference180_20260728/f3500_sweep_ch1_reference_ch2_180deg"
"3.5","1","2","180","112.5","67.5","62.944","-4.556","0.009","2","-28.328","-28.497","C:/Users/iroen/OneDrive/Documents/Projects/PLUTO_Phaser/PLUTO_SDR_Beam_former/captures/pluto_phase_reference180_20260728/f3500_sweep_ch1_reference_ch2_180deg"
"3.5","1","2","180","135","45","42.474","-2.526","0.001","2","-27.975","-28.484","C:/Users/iroen/OneDrive/Documents/Projects/PLUTO_Phaser/PLUTO_SDR_Beam_former/captures/pluto_phase_reference180_20260728/f3500_sweep_ch1_reference_ch2_180deg"
"3.5","1","2","180","157.5","22.5","21.384","-1.116","0.007","2","-27.932","-28.475","C:/Users/iroen/OneDrive/Documents/Projects/PLUTO_Phaser/PLUTO_SDR_Beam_former/captures/pluto_phase_reference180_20260728/f3500_sweep_ch1_reference_ch2_180deg"
"3.5","1","2","180","180","0","-1.813","-1.813","0.004","2","-26.485","-28.439","C:/Users/iroen/OneDrive/Documents/Projects/PLUTO_Phaser/PLUTO_SDR_Beam_former/captures/pluto_phase_reference180_20260728/f3500_sweep_ch1_reference_ch2_180deg"
"3.5","1","2","180","202.5","-22.5","-26.351","-3.851","0.015","2","-26.477","-28.412","C:/Users/iroen/OneDrive/Documents/Projects/PLUTO_Phaser/PLUTO_SDR_Beam_former/captures/pluto_phase_reference180_20260728/f3500_sweep_ch1_reference_ch2_180deg"
"3.5","1","2","180","225","-45","-47.568","-2.568","0.002","2","-26.582","-28.422","C:/Users/iroen/OneDrive/Documents/Projects/PLUTO_Phaser/PLUTO_SDR_Beam_former/captures/pluto_phase_reference180_20260728/f3500_sweep_ch1_reference_ch2_180deg"
"3.5","1","2","180","247.5","-67.5","-71.343","-3.843","0.009","2","-26.739","-28.428","C:/Users/iroen/OneDrive/Documents/Projects/PLUTO_Phaser/PLUTO_SDR_Beam_former/captures/pluto_phase_reference180_20260728/f3500_sweep_ch1_reference_ch2_180deg"
"3.5","1","2","180","270","-90","-95.11","-5.11","0.001","2","-27.618","-28.476","C:/Users/iroen/OneDrive/Documents/Projects/PLUTO_Phaser/PLUTO_SDR_Beam_former/captures/pluto_phase_reference180_20260728/f3500_sweep_ch1_reference_ch2_180deg"
"3.5","1","2","180","292.5","-112.5","-115.907","-3.407","0","2","-27.965","-28.502","C:/Users/iroen/OneDrive/Documents/Projects/PLUTO_Phaser/PLUTO_SDR_Beam_former/captures/pluto_phase_reference180_20260728/f3500_sweep_ch1_reference_ch2_180deg"
"3.5","1","2","180","315","-135","-136.8","-1.8","0.007","2","-27.675","-28.508","C:/Users/iroen/OneDrive/Documents/Projects/PLUTO_Phaser/PLUTO_SDR_Beam_former/captures/pluto_phase_reference180_20260728/f3500_sweep_ch1_reference_ch2_180deg"
"3.5","1","2","180","337.5","-157.5","-158.598","-1.098","0.001","2","-27.688","-28.524","C:/Users/iroen/OneDrive/Documents/Projects/PLUTO_Phaser/PLUTO_SDR_Beam_former/captures/pluto_phase_reference180_20260728/f3500_sweep_ch1_reference_ch2_180deg"
"3.5","2","1","180","0","-180","179.735","-0.265","0.06","4","-26.432","-28.6","C:/Users/iroen/OneDrive/Documents/Projects/PLUTO_Phaser/PLUTO_SDR_Beam_former/captures/pluto_phase_reference180_20260728/f3500_sweep_ch2_reference_ch1_180deg"
"3.5","2","1","180","22.5","157.5","157.016","-0.484","0.003","2","-26.44","-28.602","C:/Users/iroen/OneDrive/Documents/Projects/PLUTO_Phaser/PLUTO_SDR_Beam_former/captures/pluto_phase_reference180_20260728/f3500_sweep_ch2_reference_ch1_180deg"
"3.5","2","1","180","45","135","136.438","1.438","0.004","2","-26.468","-28.984","C:/Users/iroen/OneDrive/Documents/Projects/PLUTO_Phaser/PLUTO_SDR_Beam_former/captures/pluto_phase_reference180_20260728/f3500_sweep_ch2_reference_ch1_180deg"
"3.5","2","1","180","67.5","112.5","113.586","1.086","0.002","2","-26.472","-28.765","C:/Users/iroen/OneDrive/Documents/Projects/PLUTO_Phaser/PLUTO_SDR_Beam_former/captures/pluto_phase_reference180_20260728/f3500_sweep_ch2_reference_ch1_180deg"
"3.5","2","1","180","90","90","92.579","2.579","0.002","2","-26.488","-28.933","C:/Users/iroen/OneDrive/Documents/Projects/PLUTO_Phaser/PLUTO_SDR_Beam_former/captures/pluto_phase_reference180_20260728/f3500_sweep_ch2_reference_ch1_180deg"
"3.5","2","1","180","112.5","67.5","69.584","2.084","0.004","2","-26.488","-28.925","C:/Users/iroen/OneDrive/Documents/Projects/PLUTO_Phaser/PLUTO_SDR_Beam_former/captures/pluto_phase_reference180_20260728/f3500_sweep_ch2_reference_ch1_180deg"
"3.5","2","1","180","135","45","44.888","-0.112","0.002","2","-26.476","-29.065","C:/Users/iroen/OneDrive/Documents/Projects/PLUTO_Phaser/PLUTO_SDR_Beam_former/captures/pluto_phase_reference180_20260728/f3500_sweep_ch2_reference_ch1_180deg"
"3.5","2","1","180","157.5","22.5","21.438","-1.062","0.001","2","-26.488","-29.567","C:/Users/iroen/OneDrive/Documents/Projects/PLUTO_Phaser/PLUTO_SDR_Beam_former/captures/pluto_phase_reference180_20260728/f3500_sweep_ch2_reference_ch1_180deg"
"3.5","2","1","180","180","0","2.29","2.29","0.004","2","-26.477","-28.462","C:/Users/iroen/OneDrive/Documents/Projects/PLUTO_Phaser/PLUTO_SDR_Beam_former/captures/pluto_phase_reference180_20260728/f3500_sweep_ch2_reference_ch1_180deg"
"3.5","2","1","180","202.5","-22.5","-20.149","2.351","0.003","2","-26.477","-28.648","C:/Users/iroen/OneDrive/Documents/Projects/PLUTO_Phaser/PLUTO_SDR_Beam_former/captures/pluto_phase_reference180_20260728/f3500_sweep_ch2_reference_ch1_180deg"
"3.5","2","1","180","225","-45","-40.309","4.691","0.005","2","-26.496","-29.244","C:/Users/iroen/OneDrive/Documents/Projects/PLUTO_Phaser/PLUTO_SDR_Beam_former/captures/pluto_phase_reference180_20260728/f3500_sweep_ch2_reference_ch1_180deg"
"3.5","2","1","180","247.5","-67.5","-63.498","4.002","0.005","2","-26.48","-29.088","C:/Users/iroen/OneDrive/Documents/Projects/PLUTO_Phaser/PLUTO_SDR_Beam_former/captures/pluto_phase_reference180_20260728/f3500_sweep_ch2_reference_ch1_180deg"
"3.5","2","1","180","270","-90","-85.088","4.912","0.01","2","-26.47","-29.17","C:/Users/iroen/OneDrive/Documents/Projects/PLUTO_Phaser/PLUTO_SDR_Beam_former/captures/pluto_phase_reference180_20260728/f3500_sweep_ch2_reference_ch1_180deg"
"3.5","2","1","180","292.5","-112.5","-109.407","3.093","0.002","2","-26.446","-29.051","C:/Users/iroen/OneDrive/Documents/Projects/PLUTO_Phaser/PLUTO_SDR_Beam_former/captures/pluto_phase_reference180_20260728/f3500_sweep_ch2_reference_ch1_180deg"
"3.5","2","1","180","315","-135","-135.338","-0.338","0.004","2","-26.425","-29.196","C:/Users/iroen/OneDrive/Documents/Projects/PLUTO_Phaser/PLUTO_SDR_Beam_former/captures/pluto_phase_reference180_20260728/f3500_sweep_ch2_reference_ch1_180deg"
"3.5","2","1","180","337.5","-157.5","-160.314","-2.814","0.003","2","-26.432","-29.656","C:/Users/iroen/OneDrive/Documents/Projects/PLUTO_Phaser/PLUTO_SDR_Beam_former/captures/pluto_phase_reference180_20260728/f3500_sweep_ch2_reference_ch1_180deg"
"3.8","1","2","180","0","-180","176.997","-3.003","0.051","4","-28.048","-28.722","C:/Users/iroen/OneDrive/Documents/Projects/PLUTO_Phaser/PLUTO_SDR_Beam_former/captures/pluto_phase_reference180_20260728/f3800_sweep_ch1_reference_ch2_180deg"
"3.8","1","2","180","22.5","157.5","150.437","-7.063","0.028","2","-28.561","-28.736","C:/Users/iroen/OneDrive/Documents/Projects/PLUTO_Phaser/PLUTO_SDR_Beam_former/captures/pluto_phase_reference180_20260728/f3800_sweep_ch1_reference_ch2_180deg"
"3.8","1","2","180","45","135","130.816","-4.184","0.017","2","-28.582","-28.754","C:/Users/iroen/OneDrive/Documents/Projects/PLUTO_Phaser/PLUTO_SDR_Beam_former/captures/pluto_phase_reference180_20260728/f3800_sweep_ch1_reference_ch2_180deg"
"3.8","1","2","180","67.5","112.5","106.991","-5.509","0.014","2","-28.874","-28.766","C:/Users/iroen/OneDrive/Documents/Projects/PLUTO_Phaser/PLUTO_SDR_Beam_former/captures/pluto_phase_reference180_20260728/f3800_sweep_ch1_reference_ch2_180deg"
"3.8","1","2","180","90","90","88.252","-1.747","0.004","2","-30.13","-28.78","C:/Users/iroen/OneDrive/Documents/Projects/PLUTO_Phaser/PLUTO_SDR_Beam_former/captures/pluto_phase_reference180_20260728/f3800_sweep_ch1_reference_ch2_180deg"
"3.8","1","2","180","112.5","67.5","67.856","0.356","0.009","2","-29.916","-28.786","C:/Users/iroen/OneDrive/Documents/Projects/PLUTO_Phaser/PLUTO_SDR_Beam_former/captures/pluto_phase_reference180_20260728/f3800_sweep_ch1_reference_ch2_180deg"
"3.8","1","2","180","135","45","42.927","-2.073","0.005","2","-29.502","-28.785","C:/Users/iroen/OneDrive/Documents/Projects/PLUTO_Phaser/PLUTO_SDR_Beam_former/captures/pluto_phase_reference180_20260728/f3800_sweep_ch1_reference_ch2_180deg"
"3.8","1","2","180","157.5","22.5","18.999","-3.501","0.009","2","-29.352","-28.78","C:/Users/iroen/OneDrive/Documents/Projects/PLUTO_Phaser/PLUTO_SDR_Beam_former/captures/pluto_phase_reference180_20260728/f3800_sweep_ch1_reference_ch2_180deg"
"3.8","1","2","180","180","0","0.412","0.412","0.004","2","-27.803","-28.761","C:/Users/iroen/OneDrive/Documents/Projects/PLUTO_Phaser/PLUTO_SDR_Beam_former/captures/pluto_phase_reference180_20260728/f3800_sweep_ch1_reference_ch2_180deg"
"3.8","1","2","180","202.5","-22.5","-26.018","-3.518","0.011","2","-28.28","-28.746","C:/Users/iroen/OneDrive/Documents/Projects/PLUTO_Phaser/PLUTO_SDR_Beam_former/captures/pluto_phase_reference180_20260728/f3800_sweep_ch1_reference_ch2_180deg"
"3.8","1","2","180","225","-45","-45.496","-0.496","0.006","2","-28.342","-28.735","C:/Users/iroen/OneDrive/Documents/Projects/PLUTO_Phaser/PLUTO_SDR_Beam_former/captures/pluto_phase_reference180_20260728/f3800_sweep_ch1_reference_ch2_180deg"
"3.8","1","2","180","247.5","-67.5","-69.841","-2.341","0.014","2","-28.597","-28.722","C:/Users/iroen/OneDrive/Documents/Projects/PLUTO_Phaser/PLUTO_SDR_Beam_former/captures/pluto_phase_reference180_20260728/f3800_sweep_ch1_reference_ch2_180deg"
"3.8","1","2","180","270","-90","-89.222","0.778","0","2","-29.754","-28.72","C:/Users/iroen/OneDrive/Documents/Projects/PLUTO_Phaser/PLUTO_SDR_Beam_former/captures/pluto_phase_reference180_20260728/f3800_sweep_ch1_reference_ch2_180deg"
"3.8","1","2","180","292.5","-112.5","-110.011","2.489","0.01","2","-29.579","-28.729","C:/Users/iroen/OneDrive/Documents/Projects/PLUTO_Phaser/PLUTO_SDR_Beam_former/captures/pluto_phase_reference180_20260728/f3800_sweep_ch1_reference_ch2_180deg"
"3.8","1","2","180","315","-135","-134.656","0.344","0.016","2","-29.284","-28.719","C:/Users/iroen/OneDrive/Documents/Projects/PLUTO_Phaser/PLUTO_SDR_Beam_former/captures/pluto_phase_reference180_20260728/f3800_sweep_ch1_reference_ch2_180deg"
"3.8","1","2","180","337.5","-157.5","-158.078","-0.578","0.006","2","-29.187","-28.726","C:/Users/iroen/OneDrive/Documents/Projects/PLUTO_Phaser/PLUTO_SDR_Beam_former/captures/pluto_phase_reference180_20260728/f3800_sweep_ch1_reference_ch2_180deg"
"3.8","2","1","180","0","-180","175.876","-4.124","0.057","4","-27.776","-28.683","C:/Users/iroen/OneDrive/Documents/Projects/PLUTO_Phaser/PLUTO_SDR_Beam_former/captures/pluto_phase_reference180_20260728/f3800_sweep_ch2_reference_ch1_180deg"
"3.8","2","1","180","22.5","157.5","149.934","-7.566","0.004","2","-27.776","-29.246","C:/Users/iroen/OneDrive/Documents/Projects/PLUTO_Phaser/PLUTO_SDR_Beam_former/captures/pluto_phase_reference180_20260728/f3800_sweep_ch2_reference_ch1_180deg"
"3.8","2","1","180","45","135","130.646","-4.354","0.012","2","-27.79","-29.356","C:/Users/iroen/OneDrive/Documents/Projects/PLUTO_Phaser/PLUTO_SDR_Beam_former/captures/pluto_phase_reference180_20260728/f3800_sweep_ch2_reference_ch1_180deg"
"3.8","2","1","180","67.5","112.5","106.842","-5.658","0.006","2","-27.8","-29.684","C:/Users/iroen/OneDrive/Documents/Projects/PLUTO_Phaser/PLUTO_SDR_Beam_former/captures/pluto_phase_reference180_20260728/f3800_sweep_ch2_reference_ch1_180deg"
"3.8","2","1","180","90","90","88.645","-1.355","0.016","2","-27.81","-30.949","C:/Users/iroen/OneDrive/Documents/Projects/PLUTO_Phaser/PLUTO_SDR_Beam_former/captures/pluto_phase_reference180_20260728/f3800_sweep_ch2_reference_ch1_180deg"
"3.8","2","1","180","112.5","67.5","67.737","0.237","0","2","-27.813","-30.794","C:/Users/iroen/OneDrive/Documents/Projects/PLUTO_Phaser/PLUTO_SDR_Beam_former/captures/pluto_phase_reference180_20260728/f3800_sweep_ch2_reference_ch1_180deg"
"3.8","2","1","180","135","45","41.71","-3.29","0.011","2","-27.807","-30.498","C:/Users/iroen/OneDrive/Documents/Projects/PLUTO_Phaser/PLUTO_SDR_Beam_former/captures/pluto_phase_reference180_20260728/f3800_sweep_ch2_reference_ch1_180deg"
"3.8","2","1","180","157.5","22.5","17.315","-5.185","0.031","2","-27.808","-30.43","C:/Users/iroen/OneDrive/Documents/Projects/PLUTO_Phaser/PLUTO_SDR_Beam_former/captures/pluto_phase_reference180_20260728/f3800_sweep_ch2_reference_ch1_180deg"
"3.8","2","1","180","180","0","-1.104","-1.104","0.001","2","-27.794","-28.814","C:/Users/iroen/OneDrive/Documents/Projects/PLUTO_Phaser/PLUTO_SDR_Beam_former/captures/pluto_phase_reference180_20260728/f3800_sweep_ch2_reference_ch1_180deg"
"3.8","2","1","180","202.5","-22.5","-27.722","-5.222","0.006","2","-27.784","-29.258","C:/Users/iroen/OneDrive/Documents/Projects/PLUTO_Phaser/PLUTO_SDR_Beam_former/captures/pluto_phase_reference180_20260728/f3800_sweep_ch2_reference_ch1_180deg"
"3.8","2","1","180","225","-45","-47.378","-2.378","0.015","2","-27.782","-29.286","C:/Users/iroen/OneDrive/Documents/Projects/PLUTO_Phaser/PLUTO_SDR_Beam_former/captures/pluto_phase_reference180_20260728/f3800_sweep_ch2_reference_ch1_180deg"
"3.8","2","1","180","247.5","-67.5","-71.99","-4.49","0.013","2","-27.777","-29.402","C:/Users/iroen/OneDrive/Documents/Projects/PLUTO_Phaser/PLUTO_SDR_Beam_former/captures/pluto_phase_reference180_20260728/f3800_sweep_ch2_reference_ch1_180deg"
"3.8","2","1","180","270","-90","-91.204","-1.204","0.001","2","-27.784","-30.432","C:/Users/iroen/OneDrive/Documents/Projects/PLUTO_Phaser/PLUTO_SDR_Beam_former/captures/pluto_phase_reference180_20260728/f3800_sweep_ch2_reference_ch1_180deg"
"3.8","2","1","180","292.5","-112.5","-112.121","0.379","0.017","2","-27.774","-30.159","C:/Users/iroen/OneDrive/Documents/Projects/PLUTO_Phaser/PLUTO_SDR_Beam_former/captures/pluto_phase_reference180_20260728/f3800_sweep_ch2_reference_ch1_180deg"
"3.8","2","1","180","315","-135","-137.14","-2.14","0.006","2","-27.774","-29.89","C:/Users/iroen/OneDrive/Documents/Projects/PLUTO_Phaser/PLUTO_SDR_Beam_former/captures/pluto_phase_reference180_20260728/f3800_sweep_ch2_reference_ch1_180deg"
"3.8","2","1","180","337.5","-157.5","-160.227","-2.727","0.022","2","-27.779","-29.852","C:/Users/iroen/OneDrive/Documents/Projects/PLUTO_Phaser/PLUTO_SDR_Beam_former/captures/pluto_phase_reference180_20260728/f3800_sweep_ch2_reference_ch1_180deg"
