"frequency_ghz","channel","commanded_phase_deg","measured_phase_magnitude_deg","phase_error_deg","tone_level_dbfs","amplitude_delta_db","circular_std_deg","sample_count","source_directory"
"2.3","1","0","0.078","0.078","-14.937","0","0.079","4","captures/pluto_phase_frequency_sweep_20260727/f2300_ch1"
"2.3","1","22.5","21.351","-1.149000000000001","-14.936","0.0009999999999994458","0.026","2","captures/pluto_phase_frequency_sweep_20260727/f2300_ch1"
"2.3","1","45","46.285","1.2849999999999966","-15.073","-0.136000000000001","0.003","2","captures/pluto_phase_frequency_sweep_20260727/f2300_ch1"
"2.3","1","67.5","67.2","-0.29999999999999716","-15.393","-0.4560000000000013","0.002","2","captures/pluto_phase_frequency_sweep_20260727/f2300_ch1"
"2.3","1","90","89.2","-0.7999999999999972","-15.99","-1.0530000000000008","0.008","2","captures/pluto_phase_frequency_sweep_20260727/f2300_ch1"
"2.3","1","112.5","110.494","-2.0060000000000002","-15.671","-0.734","0.022","2","captures/pluto_phase_frequency_sweep_20260727/f2300_ch1"
"2.3","1","135","133.318","-1.681999999999988","-15.326","-0.3890000000000011","0.014","2","captures/pluto_phase_frequency_sweep_20260727/f2300_ch1"
"2.3","1","157.5","158.573","1.0730000000000075","-14.978","-0.04100000000000037","0.011","2","captures/pluto_phase_frequency_sweep_20260727/f2300_ch1"
"2.3","1","180","174.752","-5.2479999999999905","-15.304","-0.3670000000000009","0.022","2","captures/pluto_phase_frequency_sweep_20260727/f2300_ch1"
"2.3","1","202.5","195.925","-6.574999999999989","-15.252","-0.3150000000000013","0.003","2","captures/pluto_phase_frequency_sweep_20260727/f2300_ch1"
"2.3","1","225","220.537","-4.462999999999994","-15.341","-0.4039999999999999","0.002","2","captures/pluto_phase_frequency_sweep_20260727/f2300_ch1"
"2.3","1","247.5","241.329","-6.170999999999992","-15.678","-0.7410000000000014","0.018","2","captures/pluto_phase_frequency_sweep_20260727/f2300_ch1"
"2.3","1","270","264.634","-5.3659999999999854","-16.328","-1.391","0.012","2","captures/pluto_phase_frequency_sweep_20260727/f2300_ch1"
"2.3","1","292.5","284.94100000000003","-7.558999999999969","-15.858","-0.9210000000000012","0.001","2","captures/pluto_phase_frequency_sweep_20260727/f2300_ch1"
"2.3","1","315","306.459","-8.540999999999997","-15.925","-0.9880000000000013","0.032","2","captures/pluto_phase_frequency_sweep_20260727/f2300_ch1"
"2.3","1","337.5","330.903","-6.59699999999998","-15.224","-0.2870000000000008","0.002","2","captures/pluto_phase_frequency_sweep_20260727/f2300_ch1"
"2.3","2","0","-0.127","-0.127","-16.253","0","0.128","4","captures/pluto_phase_frequency_sweep_20260727/f2300_ch2"
"2.3","2","22.5","20.388","-2.1119999999999983","-16.256","-0.0030000000000001137","0.06","2","captures/pluto_phase_frequency_sweep_20260727/f2300_ch2"
"2.3","2","45","47.298","2.298000000000002","-16.126","0.1269999999999989","0.004","2","captures/pluto_phase_frequency_sweep_20260727/f2300_ch2"
"2.3","2","67.5","69.064","1.563999999999993","-16.268","-0.015000000000000568","0.003","2","captures/pluto_phase_frequency_sweep_20260727/f2300_ch2"
"2.3","2","90","94.632","4.632000000000005","-17.324","-1.0710000000000015","0.034","2","captures/pluto_phase_frequency_sweep_20260727/f2300_ch2"
"2.3","2","112.5","113.723","1.222999999999999","-17.13","-0.8769999999999989","0.001","2","captures/pluto_phase_frequency_sweep_20260727/f2300_ch2"
"2.3","2","135","134.634","-0.36600000000001387","-17.458","-1.2049999999999983","0.011","2","captures/pluto_phase_frequency_sweep_20260727/f2300_ch2"
"2.3","2","157.5","156.356","-1.1440000000000055","-16.754","-0.5010000000000012","0.012","2","captures/pluto_phase_frequency_sweep_20260727/f2300_ch2"
"2.3","2","180","174.163","-5.836999999999989","-16.748","-0.495000000000001","0.032","2","captures/pluto_phase_frequency_sweep_20260727/f2300_ch2"
"2.3","2","202.5","193.995","-8.504999999999995","-16.59","-0.33699999999999974","0.018","2","captures/pluto_phase_frequency_sweep_20260727/f2300_ch2"
"2.3","2","225","220.51","-4.490000000000009","-16.551","-0.29799999999999827","0.015","2","captures/pluto_phase_frequency_sweep_20260727/f2300_ch2"
"2.3","2","247.5","242.485","-5.014999999999986","-16.628","-0.375","0.072","2","captures/pluto_phase_frequency_sweep_20260727/f2300_ch2"
"2.3","2","270","269.419","-0.5810000000000173","-17.482","-1.2289999999999992","0.02","2","captures/pluto_phase_frequency_sweep_20260727/f2300_ch2"
"2.3","2","292.5","288.422","-4.0779999999999745","-17.342","-1.0889999999999986","0.005","2","captures/pluto_phase_frequency_sweep_20260727/f2300_ch2"
"2.3","2","315","308.676","-6.324000000000012","-17.64","-1.3870000000000005","0.002","2","captures/pluto_phase_frequency_sweep_20260727/f2300_ch2"
"2.3","2","337.5","329.651","-7.8489999999999895","-17.022","-0.7689999999999984","0.008","2","captures/pluto_phase_frequency_sweep_20260727/f2300_ch2"
"2.4","1","0","-0.039","-0.039","-16.501","0","0.05","4","captures/pluto_phase_full_20260727_ch1_after_swap"
"2.4","1","22.5","19.971","-2.529","-16.532","-0.030999999999998806","0.008","2","captures/pluto_phase_full_20260727_ch1_after_swap"
"2.4","1","45","45.411","0.41100000000000136","-16.311","0.19000000000000128","0.002","2","captures/pluto_phase_full_20260727_ch1_after_swap"
"2.4","1","67.5","65.942","-1.558000000000007","-16.307","0.19400000000000261","0.002","2","captures/pluto_phase_full_20260727_ch1_after_swap"
"2.4","1","90","90.788","0.7879999999999967","-16.512","-0.010999999999999233","0.091","2","captures/pluto_phase_full_20260727_ch1_after_swap"
"2.4","1","112.5","114.113","1.6129999999999995","-16.768","-0.26699999999999946","0.017","2","captures/pluto_phase_full_20260727_ch1_after_swap"
"2.4","1","135","136.764","1.76400000000001","-17.084","-0.5829999999999984","0.001","2","captures/pluto_phase_full_20260727_ch1_after_swap"
"2.4","1","157.5","157.48","-0.020000000000010232","-17.107","-0.6059999999999981","0.009","2","captures/pluto_phase_full_20260727_ch1_after_swap"
"2.4","1","180","177.373","-2.6270000000000095","-16.776","-0.2749999999999986","0.011","2","captures/pluto_phase_full_20260727_ch1_after_swap"
"2.4","1","202.5","197.521","-4.979000000000013","-16.777","-0.2759999999999998","0.013","2","captures/pluto_phase_full_20260727_ch1_after_swap"
"2.4","1","225","222.632","-2.367999999999995","-16.592","-0.09099999999999753","0.004","2","captures/pluto_phase_full_20260727_ch1_after_swap"
"2.4","1","247.5","243.11","-4.389999999999986","-16.59","-0.08899999999999864","0.004","2","captures/pluto_phase_full_20260727_ch1_after_swap"
"2.4","1","270","268.579","-1.4209999999999923","-16.84","-0.33899999999999864","0","2","captures/pluto_phase_full_20260727_ch1_after_swap"
"2.4","1","292.5","291.391","-1.1089999999999804","-17.064","-0.5629999999999988","0.002","2","captures/pluto_phase_full_20260727_ch1_after_swap"
"2.4","1","315","313.28","-1.7200000000000273","-17.372","-0.8709999999999987","0.002","2","captures/pluto_phase_full_20260727_ch1_after_swap"
"2.4","1","337.5","333.905","-3.5950000000000273","-17.288","-0.786999999999999","0.009","2","captures/pluto_phase_full_20260727_ch1_after_swap"
"2.4","2","0","-0.02","-0.02","-17.22","0","0.032","4","captures/pluto_phase_full_20260727_ch2_after_swap"
"2.4","2","22.5","20.16","-2.34","-17.294","-0.07400000000000162","0.015","2","captures/pluto_phase_full_20260727_ch2_after_swap"
"2.4","2","45","45.039","0.03900000000000148","-17.1","0.11999999999999744","0.001","2","captures/pluto_phase_full_20260727_ch2_after_swap"
"2.4","2","67.5","65.318","-2.182000000000002","-17.094","0.12599999999999767","0.002","2","captures/pluto_phase_full_20260727_ch2_after_swap"
"2.4","2","90","89.424","-0.5759999999999934","-17.29","-0.07000000000000028","0.002","2","captures/pluto_phase_full_20260727_ch2_after_swap"
"2.4","2","112.5","112.822","0.32200000000000273","-17.38","-0.16000000000000014","0.013","2","captures/pluto_phase_full_20260727_ch2_after_swap"
"2.4","2","135","135.758","0.7580000000000098","-17.645","-0.4250000000000007","0","2","captures/pluto_phase_full_20260727_ch2_after_swap"
"2.4","2","157.5","157.198","-0.3019999999999925","-17.679","-0.45899999999999963","0.003","2","captures/pluto_phase_full_20260727_ch2_after_swap"
"2.4","2","180","177.448","-2.5519999999999925","-17.387","-0.1670000000000016","0.005","2","captures/pluto_phase_full_20260727_ch2_after_swap"
"2.4","2","202.5","197.451","-5.049000000000007","-17.44","-0.22000000000000242","0.001","2","captures/pluto_phase_full_20260727_ch2_after_swap"
"2.4","2","225","222.286","-2.7139999999999986","-17.33","-0.10999999999999943","0.004","2","captures/pluto_phase_full_20260727_ch2_after_swap"
"2.4","2","247.5","242.971","-4.528999999999996","-17.362","-0.14199999999999946","0.004","2","captures/pluto_phase_full_20260727_ch2_after_swap"
"2.4","2","270","267.727","-2.2730000000000246","-17.629","-0.4090000000000025","0.001","2","captures/pluto_phase_full_20260727_ch2_after_swap"
"2.4","2","292.5","290.53700000000003","-1.9629999999999654","-17.722","-0.5020000000000024","0.003","2","captures/pluto_phase_full_20260727_ch2_after_swap"
"2.4","2","315","312.597","-2.40300000000002","-17.984","-0.7640000000000029","0.003","2","captures/pluto_phase_full_20260727_ch2_after_swap"
"2.4","2","337.5","333.877","-3.6229999999999905","-17.904","-0.684000000000001","0.003","2","captures/pluto_phase_full_20260727_ch2_after_swap"
"2.5","1","0","0.035","0.035","-17.941","0","0.071","4","captures/pluto_phase_frequency_sweep_20260727/f2500_ch1"
"2.5","1","22.5","20.673","-1.8270000000000017","-17.915","0.0259999999999998","0.001","2","captures/pluto_phase_frequency_sweep_20260727/f2500_ch1"
"2.5","1","45","46.742","1.7419999999999973","-18.147","-0.20599999999999952","0.016","2","captures/pluto_phase_frequency_sweep_20260727/f2500_ch1"
"2.5","1","67.5","67.741","0.24099999999999966","-18.129","-0.1880000000000024","0.008","2","captures/pluto_phase_frequency_sweep_20260727/f2500_ch1"
"2.5","1","90","91.243","1.242999999999995","-18.734","-0.7930000000000028","0.001","2","captures/pluto_phase_frequency_sweep_20260727/f2500_ch1"
"2.5","1","112.5","110.639","-1.8610000000000042","-18.851","-0.9100000000000001","0.002","2","captures/pluto_phase_frequency_sweep_20260727/f2500_ch1"
"2.5","1","135","131.048","-3.951999999999998","-18.794","-0.8530000000000015","0.002","2","captures/pluto_phase_frequency_sweep_20260727/f2500_ch1"
"2.5","1","157.5","152.597","-4.902999999999992","-18.288","-0.3470000000000013","0.006","2","captures/pluto_phase_frequency_sweep_20260727/f2500_ch1"
"2.5","1","180","178.199","-1.8009999999999877","-18.148","-0.20700000000000074","0.009","2","captures/pluto_phase_frequency_sweep_20260727/f2500_ch1"
"2.5","1","202.5","198.691","-3.8089999999999975","-18.158","-0.2170000000000023","0.005","2","captures/pluto_phase_frequency_sweep_20260727/f2500_ch1"
"2.5","1","225","224.639","-0.36099999999999","-18.38","-0.43900000000000006","0.004","2","captures/pluto_phase_frequency_sweep_20260727/f2500_ch1"
"2.5","1","247.5","245.86","-1.6399999999999864","-18.432","-0.49099999999999966","0.012","2","captures/pluto_phase_frequency_sweep_20260727/f2500_ch1"
"2.5","1","270","270.343","0.34300000000001774","-19.064","-1.123000000000001","0.015","2","captures/pluto_phase_frequency_sweep_20260727/f2500_ch1"
"2.5","1","292.5","289.394","-3.1059999999999945","-19.214","-1.2729999999999997","0.015","2","captures/pluto_phase_frequency_sweep_20260727/f2500_ch1"
"2.5","1","315","309.202","-5.798000000000002","-19.268","-1.3270000000000017","0.024","2","captures/pluto_phase_frequency_sweep_20260727/f2500_ch1"
"2.5","1","337.5","330.388","-7.112000000000023","-18.675","-0.7340000000000018","0.023","2","captures/pluto_phase_frequency_sweep_20260727/f2500_ch1"
"2.5","2","0","-0.014","-0.014","-18.664","0","0.038","4","captures/pluto_phase_frequency_sweep_20260727/f2500_ch2"
"2.5","2","22.5","20.821","-1.6789999999999985","-18.634","0.030000000000001137","0.023","2","captures/pluto_phase_frequency_sweep_20260727/f2500_ch2"
"2.5","2","45","46.009","1.0090000000000003","-18.898","-0.2339999999999982","0.003","2","captures/pluto_phase_frequency_sweep_20260727/f2500_ch2"
"2.5","2","67.5","67.069","-0.4309999999999974","-18.903","-0.23899999999999721","0.001","2","captures/pluto_phase_frequency_sweep_20260727/f2500_ch2"
"2.5","2","90","89.475","-0.5250000000000057","-19.484","-0.8200000000000003","0.001","2","captures/pluto_phase_frequency_sweep_20260727/f2500_ch2"
"2.5","2","112.5","108.861","-3.638999999999996","-19.341","-0.6769999999999996","0.001","2","captures/pluto_phase_frequency_sweep_20260727/f2500_ch2"
"2.5","2","135","129.555","-5.444999999999993","-19.27","-0.6059999999999981","0.001","2","captures/pluto_phase_frequency_sweep_20260727/f2500_ch2"
"2.5","2","157.5","152.425","-5.074999999999989","-18.783","-0.11899999999999977","0.006","2","captures/pluto_phase_frequency_sweep_20260727/f2500_ch2"
"2.5","2","180","177.988","-2.0120000000000005","-18.816","-0.15199999999999747","0.002","2","captures/pluto_phase_frequency_sweep_20260727/f2500_ch2"
"2.5","2","202.5","198.612","-3.8880000000000052","-18.803","-0.13899999999999935","0.004","2","captures/pluto_phase_frequency_sweep_20260727/f2500_ch2"
"2.5","2","225","223.558","-1.4420000000000073","-19.164","-0.5","0.004","2","captures/pluto_phase_frequency_sweep_20260727/f2500_ch2"
"2.5","2","247.5","244.71699999999998","-2.7830000000000155","-19.198","-0.5339999999999989","0.001","2","captures/pluto_phase_frequency_sweep_20260727/f2500_ch2"
"2.5","2","270","268.144","-1.8559999999999945","-19.871","-1.2069999999999972","0.01","2","captures/pluto_phase_frequency_sweep_20260727/f2500_ch2"
"2.5","2","292.5","287.062","-5.437999999999988","-19.781","-1.1169999999999973","0.003","2","captures/pluto_phase_frequency_sweep_20260727/f2500_ch2"
"2.5","2","315","307.10699999999997","-7.893000000000029","-19.764","-1.0999999999999979","0.004","2","captures/pluto_phase_frequency_sweep_20260727/f2500_ch2"
"2.5","2","337.5","329.62","-7.8799999999999955","-19.154","-0.48999999999999844","0.003","2","captures/pluto_phase_frequency_sweep_20260727/f2500_ch2"
"2.7","1","0","0.063","0.063","-17.752","0","0.064","4","captures/pluto_phase_frequency_sweep_20260727/f2700_ch1"
"2.7","1","22.5","20.859","-1.6409999999999982","-17.744","0.007999999999999119","0.016","2","captures/pluto_phase_frequency_sweep_20260727/f2700_ch1"
"2.7","1","45","45.396","0.3960000000000008","-17.757","-0.005000000000002558","0.032","2","captures/pluto_phase_frequency_sweep_20260727/f2700_ch1"
"2.7","1","67.5","66.445","-1.0550000000000068","-17.883","-0.13100000000000023","0.074","2","captures/pluto_phase_frequency_sweep_20260727/f2700_ch1"
"2.7","1","90","89.307","-0.6929999999999978","-18.403","-0.6509999999999998","0.014","2","captures/pluto_phase_frequency_sweep_20260727/f2700_ch1"
"2.7","1","112.5","111.545","-0.9549999999999983","-18.43","-0.6780000000000008","0.023","2","captures/pluto_phase_frequency_sweep_20260727/f2700_ch1"
"2.7","1","135","132.227","-2.772999999999996","-18.668","-0.9160000000000004","0.038","2","captures/pluto_phase_frequency_sweep_20260727/f2700_ch1"
"2.7","1","157.5","154.201","-3.2990000000000066","-18.431","-0.679000000000002","0.042","2","captures/pluto_phase_frequency_sweep_20260727/f2700_ch1"
"2.7","1","180","181.958","1.9579999999999984","-18.003","-0.2510000000000012","0.081","2","captures/pluto_phase_frequency_sweep_20260727/f2700_ch1"
"2.7","1","202.5","203.07","0.5699999999999932","-17.906","-0.15399999999999991","0.007","2","captures/pluto_phase_frequency_sweep_20260727/f2700_ch1"
"2.7","1","225","227.599","2.5989999999999895","-17.996","-0.24399999999999977","0.012","2","captures/pluto_phase_frequency_sweep_20260727/f2700_ch1"
"2.7","1","247.5","248.575","1.0749999999999886","-18.077","-0.32500000000000284","0.067","2","captures/pluto_phase_frequency_sweep_20260727/f2700_ch1"
"2.7","1","270","271.776","1.7760000000000105","-18.466","-0.7140000000000022","0.017","2","captures/pluto_phase_frequency_sweep_20260727/f2700_ch1"
"2.7","1","292.5","292.68","0.18000000000000682","-18.697","-0.9450000000000003","0.008","2","captures/pluto_phase_frequency_sweep_20260727/f2700_ch1"
"2.7","1","315","312.68399999999997","-2.316000000000031","-18.672","-0.9200000000000017","0.039","2","captures/pluto_phase_frequency_sweep_20260727/f2700_ch1"
"2.7","1","337.5","334.296","-3.2040000000000077","-18.437","-0.6850000000000023","0.007","2","captures/pluto_phase_frequency_sweep_20260727/f2700_ch1"
"2.7","2","0","-0.036","-0.036","-19.588","0","0.037","4","captures/pluto_phase_frequency_sweep_20260727/f2700_ch2"
"2.7","2","22.5","21.078","-1.4220000000000006","-19.594","-0.006000000000000227","0.01","2","captures/pluto_phase_frequency_sweep_20260727/f2700_ch2"
"2.7","2","45","45.455","0.4549999999999983","-19.861","-0.2729999999999997","0.001","2","captures/pluto_phase_frequency_sweep_20260727/f2700_ch2"
"2.7","2","67.5","66.473","-1.027000000000001","-19.932","-0.34399999999999764","0.004","2","captures/pluto_phase_frequency_sweep_20260727/f2700_ch2"
"2.7","2","90","87.982","-2.0180000000000007","-20.448","-0.8599999999999994","0.003","2","captures/pluto_phase_frequency_sweep_20260727/f2700_ch2"
"2.7","2","112.5","108.311","-4.188999999999993","-20.371","-0.7829999999999977","0.002","2","captures/pluto_phase_frequency_sweep_20260727/f2700_ch2"
"2.7","2","135","129.114","-5.885999999999996","-20.283","-0.6950000000000003","0.001","2","captures/pluto_phase_frequency_sweep_20260727/f2700_ch2"
"2.7","2","157.5","152.497","-5.002999999999986","-19.96","-0.3719999999999999","0.006","2","captures/pluto_phase_frequency_sweep_20260727/f2700_ch2"
"2.7","2","180","181.186","1.186000000000007","-19.688","-0.09999999999999787","0.012","2","captures/pluto_phase_frequency_sweep_20260727/f2700_ch2"
"2.7","2","202.5","202.494","-0.006000000000000227","-19.708","-0.11999999999999744","0.002","2","captures/pluto_phase_frequency_sweep_20260727/f2700_ch2"
"2.7","2","225","226.748","1.7479999999999905","-20.077","-0.48900000000000077","0","2","captures/pluto_phase_frequency_sweep_20260727/f2700_ch2"
"2.7","2","247.5","247.801","0.3009999999999877","-20.181","-0.593","0.002","2","captures/pluto_phase_frequency_sweep_20260727/f2700_ch2"
"2.7","2","270","269.665","-0.33499999999997954","-20.79","-1.2019999999999982","0.001","2","captures/pluto_phase_frequency_sweep_20260727/f2700_ch2"
"2.7","2","292.5","289.103","-3.3969999999999914","-20.702","-1.1140000000000008","0.001","2","captures/pluto_phase_frequency_sweep_20260727/f2700_ch2"
"2.7","2","315","308.868","-6.132000000000005","-20.62","-1.032","0.004","2","captures/pluto_phase_frequency_sweep_20260727/f2700_ch2"
"2.7","2","337.5","331.903","-5.59699999999998","-20.127","-0.5389999999999979","0.002","2","captures/pluto_phase_frequency_sweep_20260727/f2700_ch2"
"3","1","0","0.604","0.604","-20.759","0","0.604","4","captures/pluto_phase_frequency_sweep_20260727/f3000_ch1"
"3","1","22.5","22.021","-0.4789999999999992","-21.111","-0.3520000000000003","0.014","2","captures/pluto_phase_frequency_sweep_20260727/f3000_ch1"
"3","1","45","45.211","0.21099999999999852","-21.451","-0.6920000000000002","0.098","2","captures/pluto_phase_frequency_sweep_20260727/f3000_ch1"
"3","1","67.5","66.018","-1.4819999999999993","-21.538","-0.7789999999999999","0.094","2","captures/pluto_phase_frequency_sweep_20260727/f3000_ch1"
"3","1","90","87.89","-2.1099999999999994","-21.998","-1.2390000000000008","0.193","2","captures/pluto_phase_frequency_sweep_20260727/f3000_ch1"
"3","1","112.5","109.101","-3.399000000000001","-22.218","-1.4589999999999996","0.011","2","captures/pluto_phase_frequency_sweep_20260727/f3000_ch1"
"3","1","135","130.392","-4.608000000000004","-21.987","-1.227999999999998","0.001","2","captures/pluto_phase_frequency_sweep_20260727/f3000_ch1"
"3","1","157.5","153.656","-3.843999999999994","-21.972","-1.213000000000001","0.006","2","captures/pluto_phase_frequency_sweep_20260727/f3000_ch1"
"3","1","180","184.172","4.171999999999997","-21.144","-0.384999999999998","0.009","2","captures/pluto_phase_frequency_sweep_20260727/f3000_ch1"
"3","1","202.5","206.814","4.313999999999993","-21.179","-0.41999999999999815","0.001","2","captures/pluto_phase_frequency_sweep_20260727/f3000_ch1"
"3","1","225","229.914","4.913999999999987","-21.639","-0.879999999999999","0.004","2","captures/pluto_phase_frequency_sweep_20260727/f3000_ch1"
"3","1","247.5","250.897","3.3969999999999914","-21.64","-0.8810000000000002","0.002","2","captures/pluto_phase_frequency_sweep_20260727/f3000_ch1"
"3","1","270","271.56100000000004","1.5610000000000355","-22.15","-1.3909999999999982","0.038","2","captures/pluto_phase_frequency_sweep_20260727/f3000_ch1"
"3","1","292.5","291.63599999999997","-0.8640000000000327","-22.22","-1.4609999999999985","0.022","2","captures/pluto_phase_frequency_sweep_20260727/f3000_ch1"
"3","1","315","312.197","-2.8029999999999973","-21.594","-0.8350000000000009","1.013","2","captures/pluto_phase_frequency_sweep_20260727/f3000_ch1"
"3","1","337.5","336.472","-1.02800000000002","-21.002","-0.24299999999999855","0.005","2","captures/pluto_phase_frequency_sweep_20260727/f3000_ch1"
"3","2","0","-0.05","-0.05","-21.989","0","0.051","4","captures/pluto_phase_frequency_sweep_20260727/f3000_ch2"
"3","2","22.5","21.704","-0.7959999999999994","-21.87","0.11899999999999977","0.014","2","captures/pluto_phase_frequency_sweep_20260727/f3000_ch2"
"3","2","45","44.703","-0.29699999999999704","-22.14","-0.1509999999999998","0.002","2","captures/pluto_phase_frequency_sweep_20260727/f3000_ch2"
"3","2","67.5","65.235","-2.2650000000000006","-22.13","-0.14099999999999824","0.007","2","captures/pluto_phase_frequency_sweep_20260727/f3000_ch2"
"3","2","90","85.704","-4.2960000000000065","-22.657","-0.6679999999999993","0.022","2","captures/pluto_phase_frequency_sweep_20260727/f3000_ch2"
"3","2","112.5","105.991","-6.509","-22.876","-0.8870000000000005","0.007","2","captures/pluto_phase_frequency_sweep_20260727/f3000_ch2"
"3","2","135","126.316","-8.683999999999997","-22.711","-0.7219999999999978","0.009","2","captures/pluto_phase_frequency_sweep_20260727/f3000_ch2"
"3","2","157.5","149.105","-8.39500000000001","-22.766","-0.7769999999999975","0.014","2","captures/pluto_phase_frequency_sweep_20260727/f3000_ch2"
"3","2","180","179.5","-0.5","-22.08","-0.09099999999999753","0","2","captures/pluto_phase_frequency_sweep_20260727/f3000_ch2"
"3","2","202.5","202.273","-0.22700000000000387","-22.244","-0.254999999999999","0.003","2","captures/pluto_phase_frequency_sweep_20260727/f3000_ch2"
"3","2","225","225.987","0.9869999999999948","-22.869","-0.879999999999999","0.008","2","captures/pluto_phase_frequency_sweep_20260727/f3000_ch2"
"3","2","247.5","247.57","0.06999999999999318","-22.964","-0.9749999999999979","0.001","2","captures/pluto_phase_frequency_sweep_20260727/f3000_ch2"
"3","2","270","268.938","-1.0620000000000118","-23.527","-1.5380000000000003","0.002","2","captures/pluto_phase_frequency_sweep_20260727/f3000_ch2"
"3","2","292.5","289.836","-2.6639999999999873","-23.511","-1.5219999999999985","0.003","2","captures/pluto_phase_frequency_sweep_20260727/f3000_ch2"
"3","2","315","310.734","-4.2660000000000196","-23.105","-1.1159999999999997","0.013","2","captures/pluto_phase_frequency_sweep_20260727/f3000_ch2"
"3","2","337.5","334.84","-2.660000000000025","-22.756","-0.7669999999999995","0.001","2","captures/pluto_phase_frequency_sweep_20260727/f3000_ch2"
"3.3","1","0","0.103","0.103","-23.071","0","0.107","4","captures/pluto_phase_frequency_sweep_20260727/f3300_ch1"
"3.3","1","22.5","23.681","1.181000000000001","-23.274","-0.2029999999999994","0.025","2","captures/pluto_phase_frequency_sweep_20260727/f3300_ch1"
"3.3","1","45","45.705","0.7049999999999983","-23.54","-0.46899999999999764","0.003","2","captures/pluto_phase_frequency_sweep_20260727/f3300_ch1"
"3.3","1","67.5","67.818","0.31799999999999784","-23.594","-0.5229999999999997","0.013","2","captures/pluto_phase_frequency_sweep_20260727/f3300_ch1"
"3.3","1","90","87.775","-2.2249999999999943","-24.239","-1.1679999999999993","0.006","2","captures/pluto_phase_frequency_sweep_20260727/f3300_ch1"
"3.3","1","112.5","107.972","-4.528000000000006","-24.317","-1.2459999999999987","0.005","2","captures/pluto_phase_frequency_sweep_20260727/f3300_ch1"
"3.3","1","135","131.266","-3.734000000000009","-23.879","-0.8079999999999998","0","2","captures/pluto_phase_frequency_sweep_20260727/f3300_ch1"
"3.3","1","157.5","154.622","-2.877999999999986","-23.79","-0.7189999999999976","0.013","2","captures/pluto_phase_frequency_sweep_20260727/f3300_ch1"
"3.3","1","180","183.232","3.2319999999999993","-22.976","0.09500000000000242","0.01","2","captures/pluto_phase_frequency_sweep_20260727/f3300_ch1"
"3.3","1","202.5","206.527","4.026999999999987","-23.178","-0.10699999999999932","0.003","2","captures/pluto_phase_frequency_sweep_20260727/f3300_ch1"
"3.3","1","225","228.067","3.0670000000000073","-23.51","-0.43900000000000006","0.003","2","captures/pluto_phase_frequency_sweep_20260727/f3300_ch1"
"3.3","1","247.5","249.858","2.358000000000004","-23.52","-0.44899999999999807","0","2","captures/pluto_phase_frequency_sweep_20260727/f3300_ch1"
"3.3","1","270","269.361","-0.63900000000001","-24.087","-1.0159999999999982","0.002","2","captures/pluto_phase_frequency_sweep_20260727/f3300_ch1"
"3.3","1","292.5","289.443","-3.0570000000000164","-24.072","-1.0009999999999977","0.007","2","captures/pluto_phase_frequency_sweep_20260727/f3300_ch1"
"3.3","1","315","312.73199999999997","-2.268000000000029","-23.681","-0.6099999999999994","0.002","2","captures/pluto_phase_frequency_sweep_20260727/f3300_ch1"
"3.3","1","337.5","336.543","-0.9569999999999936","-23.62","-0.5489999999999995","0","2","captures/pluto_phase_frequency_sweep_20260727/f3300_ch1"
"3.3","2","0","-0.113","-0.113","-26.486","0","0.12","4","captures/pluto_phase_frequency_sweep_20260727/f3300_ch2"
"3.3","2","22.5","22.078","-0.4220000000000006","-26.384","0.10200000000000031","0.022","2","captures/pluto_phase_frequency_sweep_20260727/f3300_ch2"
"3.3","2","45","42.436","-2.564","-26.596","-0.10999999999999943","0.012","2","captures/pluto_phase_frequency_sweep_20260727/f3300_ch2"
"3.3","2","67.5","65.551","-1.948999999999998","-26.518","-0.03200000000000003","0.003","2","captures/pluto_phase_frequency_sweep_20260727/f3300_ch2"
"3.3","2","90","87.069","-2.9309999999999974","-26.694","-0.2079999999999984","0.006","2","captures/pluto_phase_frequency_sweep_20260727/f3300_ch2"
"3.3","2","112.5","110.175","-2.325000000000003","-26.944","-0.4579999999999984","0.005","2","captures/pluto_phase_frequency_sweep_20260727/f3300_ch2"
"3.3","2","135","132.616","-2.383999999999986","-27.144","-0.6579999999999977","0.006","2","captures/pluto_phase_frequency_sweep_20260727/f3300_ch2"
"3.3","2","157.5","155.014","-2.48599999999999","-27.617","-1.1310000000000002","0.001","2","captures/pluto_phase_frequency_sweep_20260727/f3300_ch2"
"3.3","2","180","179.058","-0.9420000000000073","-26.588","-0.10200000000000031","0.007","2","captures/pluto_phase_frequency_sweep_20260727/f3300_ch2"
"3.3","2","202.5","201.514","-0.98599999999999","-26.582","-0.09600000000000009","0.012","2","captures/pluto_phase_frequency_sweep_20260727/f3300_ch2"
"3.3","2","225","221.799","-3.2009999999999934","-26.883","-0.39699999999999847","0.002","2","captures/pluto_phase_frequency_sweep_20260727/f3300_ch2"
"3.3","2","247.5","245.375","-2.125","-26.741","-0.254999999999999","0.008","2","captures/pluto_phase_frequency_sweep_20260727/f3300_ch2"
"3.3","2","270","267.532","-2.4680000000000177","-26.77","-0.2839999999999989","0.003","2","captures/pluto_phase_frequency_sweep_20260727/f3300_ch2"
"3.3","2","292.5","291.426","-1.0740000000000123","-26.813","-0.3269999999999982","0.006","2","captures/pluto_phase_frequency_sweep_20260727/f3300_ch2"
"3.3","2","315","314.202","-0.7980000000000018","-26.906","-0.41999999999999815","0.001","2","captures/pluto_phase_frequency_sweep_20260727/f3300_ch2"
"3.3","2","337.5","337.446","-0.053999999999973625","-27.261","-0.7749999999999986","0.003","2","captures/pluto_phase_frequency_sweep_20260727/f3300_ch2"
"3.5","1","0","0.182","0.182","-26.976","0","0.205","4","captures/pluto_phase_frequency_sweep_20260727/f3500_ch1"
"3.5","1","22.5","25.372","2.872","-26.938","0.038000000000000256","0.037","2","captures/pluto_phase_frequency_sweep_20260727/f3500_ch1"
"3.5","1","45","47.058","2.058","-26.984","-0.008000000000002672","0.005","2","captures/pluto_phase_frequency_sweep_20260727/f3500_ch1"
"3.5","1","67.5","71.045","3.5450000000000017","-27.139","-0.16300000000000026","0.002","2","captures/pluto_phase_frequency_sweep_20260727/f3500_ch1"
"3.5","1","90","94.919","4.918999999999997","-28.044","-1.0680000000000014","0.002","2","captures/pluto_phase_frequency_sweep_20260727/f3500_ch1"
"3.5","1","112.5","115.342","2.8419999999999987","-28.394","-1.4179999999999993","0.008","2","captures/pluto_phase_frequency_sweep_20260727/f3500_ch1"
"3.5","1","135","135.857","0.8569999999999993","-28.024","-1.0480000000000018","0.003","2","captures/pluto_phase_frequency_sweep_20260727/f3500_ch1"
"3.5","1","157.5","157.006","-0.4939999999999998","-27.96","-0.9840000000000018","0","2","captures/pluto_phase_frequency_sweep_20260727/f3500_ch1"
"3.5","1","180","180.079","0.07900000000000773","-26.501","0.47499999999999787","0.006","2","captures/pluto_phase_frequency_sweep_20260727/f3500_ch1"
"3.5","1","202.5","204.732","2.2319999999999993","-26.47","0.5060000000000002","0.01","2","captures/pluto_phase_frequency_sweep_20260727/f3500_ch1"
"3.5","1","225","225.959","0.9590000000000032","-26.578","0.3979999999999997","0.001","2","captures/pluto_phase_frequency_sweep_20260727/f3500_ch1"
"3.5","1","247.5","249.75900000000001","2.2590000000000146","-26.727","0.24899999999999878","0.011","2","captures/pluto_phase_frequency_sweep_20260727/f3500_ch1"
"3.5","1","270","273.422","3.4220000000000255","-27.602","-0.6260000000000012","0.008","2","captures/pluto_phase_frequency_sweep_20260727/f3500_ch1"
"3.5","1","292.5","294.149","1.649000000000001","-27.97","-0.9939999999999998","0","2","captures/pluto_phase_frequency_sweep_20260727/f3500_ch1"
"3.5","1","315","315.001","0.0009999999999763531","-27.694","-0.718","0.003","2","captures/pluto_phase_frequency_sweep_20260727/f3500_ch1"
"3.5","1","337.5","336.758","-0.7420000000000186","-27.732","-0.7560000000000002","0.008","2","captures/pluto_phase_frequency_sweep_20260727/f3500_ch1"
"3.5","2","0","-0.18","-0.18","-28.465","0","0.205","4","captures/pluto_phase_frequency_sweep_20260727/f3500_ch2"
"3.5","2","22.5","22.107","-0.3930000000000007","-28.561","-0.09600000000000009","0.021","2","captures/pluto_phase_frequency_sweep_20260727/f3500_ch2"
"3.5","2","45","42.448","-2.5519999999999996","-29.027","-0.5620000000000012","0.001","2","captures/pluto_phase_frequency_sweep_20260727/f3500_ch2"
"3.5","2","67.5","65.385","-2.114999999999995","-28.91","-0.4450000000000003","0.003","2","captures/pluto_phase_frequency_sweep_20260727/f3500_ch2"
"3.5","2","90","86.612","-3.3880000000000052","-29.171","-0.7059999999999995","0.001","2","captures/pluto_phase_frequency_sweep_20260727/f3500_ch2"
"3.5","2","112.5","110.078","-2.421999999999997","-29.241","-0.7759999999999998","0.008","2","captures/pluto_phase_frequency_sweep_20260727/f3500_ch2"
"3.5","2","135","135.438","0.4379999999999882","-29.422","-0.9570000000000007","0.008","2","captures/pluto_phase_frequency_sweep_20260727/f3500_ch2"
"3.5","2","157.5","159.593","2.0929999999999893","-29.923","-1.4579999999999984","0.017","2","captures/pluto_phase_frequency_sweep_20260727/f3500_ch2"
"3.5","2","180","179.017","-0.9830000000000041","-28.742","-0.277000000000001","0.004","2","captures/pluto_phase_frequency_sweep_20260727/f3500_ch2"
"3.5","2","202.5","201.805","-0.6949999999999932","-28.86","-0.3949999999999996","0.007","2","captures/pluto_phase_frequency_sweep_20260727/f3500_ch2"
"3.5","2","225","222.23","-2.7700000000000102","-29.371","-0.9059999999999988","0.006","2","captures/pluto_phase_frequency_sweep_20260727/f3500_ch2"
"3.5","2","247.5","245.329","-2.1709999999999923","-29.108","-0.6430000000000007","0","2","captures/pluto_phase_frequency_sweep_20260727/f3500_ch2"
"3.5","2","270","266.604","-3.396000000000015","-29.105","-0.6400000000000006","0.007","2","captures/pluto_phase_frequency_sweep_20260727/f3500_ch2"
"3.5","2","292.5","290.40999999999997","-2.090000000000032","-28.91","-0.4450000000000003","0.002","2","captures/pluto_phase_frequency_sweep_20260727/f3500_ch2"
"3.5","2","315","315.787","0.7869999999999777","-29.002","-0.536999999999999","0.003","2","captures/pluto_phase_frequency_sweep_20260727/f3500_ch2"
"3.5","2","337.5","340.12","2.6200000000000045","-29.468","-1.0030000000000001","0.009","2","captures/pluto_phase_frequency_sweep_20260727/f3500_ch2"
"3.8","1","0","0.039","0.039","-28.099","0","0.058","4","captures/pluto_phase_frequency_sweep_20260727/f3800_ch1"
"3.8","1","22.5","26.802","4.302","-28.63","-0.5309999999999988","0.029","2","captures/pluto_phase_frequency_sweep_20260727/f3800_ch1"
"3.8","1","45","46.562","1.5619999999999976","-28.654","-0.5549999999999997","0.008","2","captures/pluto_phase_frequency_sweep_20260727/f3800_ch1"
"3.8","1","67.5","70.482","2.9819999999999993","-28.951","-0.8520000000000003","0.016","2","captures/pluto_phase_frequency_sweep_20260727/f3800_ch1"
"3.8","1","90","89.132","-0.867999999999995","-30.198","-2.099","0.007","2","captures/pluto_phase_frequency_sweep_20260727/f3800_ch1"
"3.8","1","112.5","109.455","-3.0450000000000017","-29.971","-1.8719999999999999","0.007","2","captures/pluto_phase_frequency_sweep_20260727/f3800_ch1"
"3.8","1","135","134.207","-0.7930000000000064","-29.554","-1.4549999999999983","0.017","2","captures/pluto_phase_frequency_sweep_20260727/f3800_ch1"
"3.8","1","157.5","157.79","0.28999999999999204","-29.377","-1.2779999999999987","0.002","2","captures/pluto_phase_frequency_sweep_20260727/f3800_ch1"
"3.8","1","180","175.978","-4.021999999999991","-27.803","0.2959999999999994","0.018","2","captures/pluto_phase_frequency_sweep_20260727/f3800_ch1"
"3.8","1","202.5","202.172","-0.32800000000000296","-28.247","-0.1479999999999997","0.008","2","captures/pluto_phase_frequency_sweep_20260727/f3800_ch1"
"3.8","1","225","221.563","-3.437000000000012","-28.305","-0.20599999999999952","0.005","2","captures/pluto_phase_frequency_sweep_20260727/f3800_ch1"
"3.8","1","247.5","245.87099999999998","-1.629000000000019","-28.554","-0.4549999999999983","0","2","captures/pluto_phase_frequency_sweep_20260727/f3800_ch1"
"3.8","1","270","265.24","-4.759999999999991","-29.718","-1.6189999999999998","0.008","2","captures/pluto_phase_frequency_sweep_20260727/f3800_ch1"
"3.8","1","292.5","286.106","-6.3940000000000055","-29.543","-1.443999999999999","0.001","2","captures/pluto_phase_frequency_sweep_20260727/f3800_ch1"
"3.8","1","315","311.03","-3.9700000000000273","-29.286","-1.1870000000000012","0.006","2","captures/pluto_phase_frequency_sweep_20260727/f3800_ch1"
"3.8","1","337.5","334.72","-2.7799999999999727","-29.216","-1.1170000000000009","0.021","2","captures/pluto_phase_frequency_sweep_20260727/f3800_ch1"
"3.8","2","0","-0.035","-0.035","-28.768","0","0.059","4","captures/pluto_phase_frequency_sweep_20260727/f3800_ch2"
"3.8","2","22.5","26.36","3.8599999999999994","-29.406","-0.6379999999999981","0.007","2","captures/pluto_phase_frequency_sweep_20260727/f3800_ch2"
"3.8","2","45","46.007","1.006999999999998","-29.525","-0.7569999999999979","0.029","2","captures/pluto_phase_frequency_sweep_20260727/f3800_ch2"
"3.8","2","67.5","70.324","2.823999999999998","-29.856","-1.088000000000001","0.007","2","captures/pluto_phase_frequency_sweep_20260727/f3800_ch2"
"3.8","2","90","88.988","-1.0120000000000005","-31.106","-2.338000000000001","0.022","2","captures/pluto_phase_frequency_sweep_20260727/f3800_ch2"
"3.8","2","112.5","110.115","-2.385000000000005","-30.892","-2.1239999999999988","0.011","2","captures/pluto_phase_frequency_sweep_20260727/f3800_ch2"
"3.8","2","135","136.108","1.108000000000004","-30.491","-1.722999999999999","0.008","2","captures/pluto_phase_frequency_sweep_20260727/f3800_ch2"
"3.8","2","157.5","160.352","2.852000000000004","-30.33","-1.5619999999999976","0.013","2","captures/pluto_phase_frequency_sweep_20260727/f3800_ch2"
"3.8","2","180","178.269","-1.7309999999999945","-28.664","0.1039999999999992","0.005","2","captures/pluto_phase_frequency_sweep_20260727/f3800_ch2"
"3.8","2","202.5","204.511","2.0109999999999957","-29.053","-0.28500000000000014","0.005","2","captures/pluto_phase_frequency_sweep_20260727/f3800_ch2"
"3.8","2","225","223.75","-1.25","-29.082","-0.31400000000000006","0.003","2","captures/pluto_phase_frequency_sweep_20260727/f3800_ch2"
"3.8","2","247.5","247.933","0.4329999999999927","-29.204","-0.43599999999999994","0.011","2","captures/pluto_phase_frequency_sweep_20260727/f3800_ch2"
"3.8","2","270","266.712","-3.288000000000011","-30.249","-1.480999999999998","0.018","2","captures/pluto_phase_frequency_sweep_20260727/f3800_ch2"
"3.8","2","292.5","287.404","-5.096000000000004","-30.037","-1.2689999999999984","0.011","2","captures/pluto_phase_frequency_sweep_20260727/f3800_ch2"
"3.8","2","315","312.402","-2.598000000000013","-29.852","-1.0839999999999996","0.005","2","captures/pluto_phase_frequency_sweep_20260727/f3800_ch2"
"3.8","2","337.5","335.528","-1.97199999999998","-29.888","-1.120000000000001","0.006","2","captures/pluto_phase_frequency_sweep_20260727/f3800_ch2"
