"frequency_ghz","channel","absolute_commanded_phase_deg","relative_commanded_from_180_deg","measured_relative_from_180_deg","phase_error_from_180_deg","original_phase_error_from_0_deg","reference_180_measured_magnitude_deg","reference_180_original_error_deg","tone_level_dbfs","amplitude_delta_from_0_db","circular_std_deg","sample_count","source_directory"
"2.3","1","0","-180","-174.674","5.325999999999993","0.078","174.752","-5.2479999999999905","-14.937","0","0.079","4","captures/pluto_phase_frequency_sweep_20260727/f2300_ch1"
"2.3","1","22.5","-157.5","-153.401","4.0989999999999895","-1.149000000000001","174.752","-5.2479999999999905","-14.936","0.0009999999999994458","0.026","2","captures/pluto_phase_frequency_sweep_20260727/f2300_ch1"
"2.3","1","45","-135","-128.467","6.532999999999987","1.2849999999999966","174.752","-5.2479999999999905","-15.073","-0.136000000000001","0.003","2","captures/pluto_phase_frequency_sweep_20260727/f2300_ch1"
"2.3","1","67.5","-112.5","-107.552","4.947999999999993","-0.29999999999999716","174.752","-5.2479999999999905","-15.393","-0.4560000000000013","0.002","2","captures/pluto_phase_frequency_sweep_20260727/f2300_ch1"
"2.3","1","90","-90","-85.552","4.447999999999993","-0.7999999999999972","174.752","-5.2479999999999905","-15.99","-1.0530000000000008","0.008","2","captures/pluto_phase_frequency_sweep_20260727/f2300_ch1"
"2.3","1","112.5","-67.5","-64.25800000000001","3.2419999999999902","-2.0060000000000002","174.752","-5.2479999999999905","-15.671","-0.734","0.022","2","captures/pluto_phase_frequency_sweep_20260727/f2300_ch1"
"2.3","1","135","-45","-41.434","3.5660000000000025","-1.681999999999988","174.752","-5.2479999999999905","-15.326","-0.3890000000000011","0.014","2","captures/pluto_phase_frequency_sweep_20260727/f2300_ch1"
"2.3","1","157.5","-22.5","-16.179000000000002","6.320999999999998","1.0730000000000075","174.752","-5.2479999999999905","-14.978","-0.04100000000000037","0.011","2","captures/pluto_phase_frequency_sweep_20260727/f2300_ch1"
"2.3","1","180","0","0","0","-5.2479999999999905","174.752","-5.2479999999999905","-15.304","-0.3670000000000009","0.022","2","captures/pluto_phase_frequency_sweep_20260727/f2300_ch1"
"2.3","1","202.5","22.5","21.173000000000002","-1.3269999999999982","-6.574999999999989","174.752","-5.2479999999999905","-15.252","-0.3150000000000013","0.003","2","captures/pluto_phase_frequency_sweep_20260727/f2300_ch1"
"2.3","1","225","45","45.785","0.7849999999999966","-4.462999999999994","174.752","-5.2479999999999905","-15.341","-0.4039999999999999","0.002","2","captures/pluto_phase_frequency_sweep_20260727/f2300_ch1"
"2.3","1","247.5","67.5","66.577","-0.9230000000000018","-6.170999999999992","174.752","-5.2479999999999905","-15.678","-0.7410000000000014","0.018","2","captures/pluto_phase_frequency_sweep_20260727/f2300_ch1"
"2.3","1","270","90","89.882","-0.117999999999995","-5.3659999999999854","174.752","-5.2479999999999905","-16.328","-1.391","0.012","2","captures/pluto_phase_frequency_sweep_20260727/f2300_ch1"
"2.3","1","292.5","112.5","110.18900000000002","-2.3109999999999786","-7.558999999999969","174.752","-5.2479999999999905","-15.858","-0.9210000000000012","0.001","2","captures/pluto_phase_frequency_sweep_20260727/f2300_ch1"
"2.3","1","315","135","131.707","-3.2930000000000064","-8.540999999999997","174.752","-5.2479999999999905","-15.925","-0.9880000000000013","0.032","2","captures/pluto_phase_frequency_sweep_20260727/f2300_ch1"
"2.3","1","337.5","157.5","156.151","-1.3489999999999895","-6.59699999999998","174.752","-5.2479999999999905","-15.224","-0.2870000000000008","0.002","2","captures/pluto_phase_frequency_sweep_20260727/f2300_ch1"
"2.3","2","0","-180","-174.29000000000002","5.7099999999999795","-0.127","174.163","-5.836999999999989","-16.253","0","0.128","4","captures/pluto_phase_frequency_sweep_20260727/f2300_ch2"
"2.3","2","22.5","-157.5","-153.775","3.7249999999999943","-2.1119999999999983","174.163","-5.836999999999989","-16.256","-0.0030000000000001137","0.06","2","captures/pluto_phase_frequency_sweep_20260727/f2300_ch2"
"2.3","2","45","-135","-126.86500000000001","8.134999999999991","2.298000000000002","174.163","-5.836999999999989","-16.126","0.1269999999999989","0.004","2","captures/pluto_phase_frequency_sweep_20260727/f2300_ch2"
"2.3","2","67.5","-112.5","-105.09900000000002","7.400999999999982","1.563999999999993","174.163","-5.836999999999989","-16.268","-0.015000000000000568","0.003","2","captures/pluto_phase_frequency_sweep_20260727/f2300_ch2"
"2.3","2","90","-90","-79.531","10.468999999999994","4.632000000000005","174.163","-5.836999999999989","-17.324","-1.0710000000000015","0.034","2","captures/pluto_phase_frequency_sweep_20260727/f2300_ch2"
"2.3","2","112.5","-67.5","-60.44000000000001","7.059999999999988","1.222999999999999","174.163","-5.836999999999989","-17.13","-0.8769999999999989","0.001","2","captures/pluto_phase_frequency_sweep_20260727/f2300_ch2"
"2.3","2","135","-45","-39.529000000000025","5.470999999999975","-0.36600000000001387","174.163","-5.836999999999989","-17.458","-1.2049999999999983","0.011","2","captures/pluto_phase_frequency_sweep_20260727/f2300_ch2"
"2.3","2","157.5","-22.5","-17.807000000000016","4.692999999999984","-1.1440000000000055","174.163","-5.836999999999989","-16.754","-0.5010000000000012","0.012","2","captures/pluto_phase_frequency_sweep_20260727/f2300_ch2"
"2.3","2","180","0","0","0","-5.836999999999989","174.163","-5.836999999999989","-16.748","-0.495000000000001","0.032","2","captures/pluto_phase_frequency_sweep_20260727/f2300_ch2"
"2.3","2","202.5","22.5","19.831999999999994","-2.6680000000000064","-8.504999999999995","174.163","-5.836999999999989","-16.59","-0.33699999999999974","0.018","2","captures/pluto_phase_frequency_sweep_20260727/f2300_ch2"
"2.3","2","225","45","46.34699999999998","1.34699999999998","-4.490000000000009","174.163","-5.836999999999989","-16.551","-0.29799999999999827","0.015","2","captures/pluto_phase_frequency_sweep_20260727/f2300_ch2"
"2.3","2","247.5","67.5","68.322","0.8220000000000027","-5.014999999999986","174.163","-5.836999999999989","-16.628","-0.375","0.072","2","captures/pluto_phase_frequency_sweep_20260727/f2300_ch2"
"2.3","2","270","90","95.25599999999997","5.255999999999972","-0.5810000000000173","174.163","-5.836999999999989","-17.482","-1.2289999999999992","0.02","2","captures/pluto_phase_frequency_sweep_20260727/f2300_ch2"
"2.3","2","292.5","112.5","114.25900000000001","1.7590000000000146","-4.0779999999999745","174.163","-5.836999999999989","-17.342","-1.0889999999999986","0.005","2","captures/pluto_phase_frequency_sweep_20260727/f2300_ch2"
"2.3","2","315","135","134.51299999999998","-0.4870000000000232","-6.324000000000012","174.163","-5.836999999999989","-17.64","-1.3870000000000005","0.002","2","captures/pluto_phase_frequency_sweep_20260727/f2300_ch2"
"2.3","2","337.5","157.5","155.488","-2.0120000000000005","-7.8489999999999895","174.163","-5.836999999999989","-17.022","-0.7689999999999984","0.008","2","captures/pluto_phase_frequency_sweep_20260727/f2300_ch2"
"2.4","1","0","-180","-177.41199999999998","2.5880000000000223","-0.039","177.373","-2.6270000000000095","-16.501","0","0.05","4","captures/pluto_phase_full_20260727_ch1_after_swap"
"2.4","1","22.5","-157.5","-157.402","0.09800000000001319","-2.529","177.373","-2.6270000000000095","-16.532","-0.030999999999998806","0.008","2","captures/pluto_phase_full_20260727_ch1_after_swap"
"2.4","1","45","-135","-131.962","3.038000000000011","0.41100000000000136","177.373","-2.6270000000000095","-16.311","0.19000000000000128","0.002","2","captures/pluto_phase_full_20260727_ch1_after_swap"
"2.4","1","67.5","-112.5","-111.431","1.0690000000000026","-1.558000000000007","177.373","-2.6270000000000095","-16.307","0.19400000000000261","0.002","2","captures/pluto_phase_full_20260727_ch1_after_swap"
"2.4","1","90","-90","-86.585","3.4150000000000063","0.7879999999999967","177.373","-2.6270000000000095","-16.512","-0.010999999999999233","0.091","2","captures/pluto_phase_full_20260727_ch1_after_swap"
"2.4","1","112.5","-67.5","-63.25999999999999","4.240000000000009","1.6129999999999995","177.373","-2.6270000000000095","-16.768","-0.26699999999999946","0.017","2","captures/pluto_phase_full_20260727_ch1_after_swap"
"2.4","1","135","-45","-40.60899999999998","4.3910000000000196","1.76400000000001","177.373","-2.6270000000000095","-17.084","-0.5829999999999984","0.001","2","captures/pluto_phase_full_20260727_ch1_after_swap"
"2.4","1","157.5","-22.5","-19.893","2.6069999999999993","-0.020000000000010232","177.373","-2.6270000000000095","-17.107","-0.6059999999999981","0.009","2","captures/pluto_phase_full_20260727_ch1_after_swap"
"2.4","1","180","0","0","0","-2.6270000000000095","177.373","-2.6270000000000095","-16.776","-0.2749999999999986","0.011","2","captures/pluto_phase_full_20260727_ch1_after_swap"
"2.4","1","202.5","22.5","20.147999999999996","-2.352000000000004","-4.979000000000013","177.373","-2.6270000000000095","-16.777","-0.2759999999999998","0.013","2","captures/pluto_phase_full_20260727_ch1_after_swap"
"2.4","1","225","45","45.259000000000015","0.25900000000001455","-2.367999999999995","177.373","-2.6270000000000095","-16.592","-0.09099999999999753","0.004","2","captures/pluto_phase_full_20260727_ch1_after_swap"
"2.4","1","247.5","67.5","65.73700000000002","-1.7629999999999768","-4.389999999999986","177.373","-2.6270000000000095","-16.59","-0.08899999999999864","0.004","2","captures/pluto_phase_full_20260727_ch1_after_swap"
"2.4","1","270","90","91.20600000000002","1.2060000000000173","-1.4209999999999923","177.373","-2.6270000000000095","-16.84","-0.33899999999999864","0","2","captures/pluto_phase_full_20260727_ch1_after_swap"
"2.4","1","292.5","112.5","114.01800000000003","1.518000000000029","-1.1089999999999804","177.373","-2.6270000000000095","-17.064","-0.5629999999999988","0.002","2","captures/pluto_phase_full_20260727_ch1_after_swap"
"2.4","1","315","135","135.90699999999998","0.9069999999999823","-1.7200000000000273","177.373","-2.6270000000000095","-17.372","-0.8709999999999987","0.002","2","captures/pluto_phase_full_20260727_ch1_after_swap"
"2.4","1","337.5","157.5","156.53199999999998","-0.9680000000000177","-3.5950000000000273","177.373","-2.6270000000000095","-17.288","-0.786999999999999","0.009","2","captures/pluto_phase_full_20260727_ch1_after_swap"
"2.4","2","0","-180","-177.46800000000002","2.5319999999999823","-0.02","177.448","-2.5519999999999925","-17.22","0","0.032","4","captures/pluto_phase_full_20260727_ch2_after_swap"
"2.4","2","22.5","-157.5","-157.288","0.21199999999998909","-2.34","177.448","-2.5519999999999925","-17.294","-0.07400000000000162","0.015","2","captures/pluto_phase_full_20260727_ch2_after_swap"
"2.4","2","45","-135","-132.409","2.591000000000008","0.03900000000000148","177.448","-2.5519999999999925","-17.1","0.11999999999999744","0.001","2","captures/pluto_phase_full_20260727_ch2_after_swap"
"2.4","2","67.5","-112.5","-112.13000000000001","0.36999999999999034","-2.182000000000002","177.448","-2.5519999999999925","-17.094","0.12599999999999767","0.002","2","captures/pluto_phase_full_20260727_ch2_after_swap"
"2.4","2","90","-90","-88.024","1.975999999999999","-0.5759999999999934","177.448","-2.5519999999999925","-17.29","-0.07000000000000028","0.002","2","captures/pluto_phase_full_20260727_ch2_after_swap"
"2.4","2","112.5","-67.5","-64.626","2.8739999999999952","0.32200000000000273","177.448","-2.5519999999999925","-17.38","-0.16000000000000014","0.013","2","captures/pluto_phase_full_20260727_ch2_after_swap"
"2.4","2","135","-45","-41.69","3.3100000000000023","0.7580000000000098","177.448","-2.5519999999999925","-17.645","-0.4250000000000007","0","2","captures/pluto_phase_full_20260727_ch2_after_swap"
"2.4","2","157.5","-22.5","-20.25","2.25","-0.3019999999999925","177.448","-2.5519999999999925","-17.679","-0.45899999999999963","0.003","2","captures/pluto_phase_full_20260727_ch2_after_swap"
"2.4","2","180","0","0","0","-2.5519999999999925","177.448","-2.5519999999999925","-17.387","-0.1670000000000016","0.005","2","captures/pluto_phase_full_20260727_ch2_after_swap"
"2.4","2","202.5","22.5","20.002999999999986","-2.497000000000014","-5.049000000000007","177.448","-2.5519999999999925","-17.44","-0.22000000000000242","0.001","2","captures/pluto_phase_full_20260727_ch2_after_swap"
"2.4","2","225","45","44.837999999999994","-0.16200000000000614","-2.7139999999999986","177.448","-2.5519999999999925","-17.33","-0.10999999999999943","0.004","2","captures/pluto_phase_full_20260727_ch2_after_swap"
"2.4","2","247.5","67.5","65.523","-1.9770000000000039","-4.528999999999996","177.448","-2.5519999999999925","-17.362","-0.14199999999999946","0.004","2","captures/pluto_phase_full_20260727_ch2_after_swap"
"2.4","2","270","90","90.27899999999997","0.27899999999996794","-2.2730000000000246","177.448","-2.5519999999999925","-17.629","-0.4090000000000025","0.001","2","captures/pluto_phase_full_20260727_ch2_after_swap"
"2.4","2","292.5","112.5","113.08900000000003","0.5890000000000271","-1.9629999999999654","177.448","-2.5519999999999925","-17.722","-0.5020000000000024","0.003","2","captures/pluto_phase_full_20260727_ch2_after_swap"
"2.4","2","315","135","135.14899999999997","0.1489999999999725","-2.40300000000002","177.448","-2.5519999999999925","-17.984","-0.7640000000000029","0.003","2","captures/pluto_phase_full_20260727_ch2_after_swap"
"2.4","2","337.5","157.5","156.429","-1.070999999999998","-3.6229999999999905","177.448","-2.5519999999999925","-17.904","-0.684000000000001","0.003","2","captures/pluto_phase_full_20260727_ch2_after_swap"
"2.5","1","0","-180","-178.16400000000002","1.8359999999999843","0.035","178.199","-1.8009999999999877","-17.941","0","0.071","4","captures/pluto_phase_frequency_sweep_20260727/f2500_ch1"
"2.5","1","22.5","-157.5","-157.526","-0.02600000000001046","-1.8270000000000017","178.199","-1.8009999999999877","-17.915","0.0259999999999998","0.001","2","captures/pluto_phase_frequency_sweep_20260727/f2500_ch1"
"2.5","1","45","-135","-131.45700000000002","3.542999999999978","1.7419999999999973","178.199","-1.8009999999999877","-18.147","-0.20599999999999952","0.016","2","captures/pluto_phase_frequency_sweep_20260727/f2500_ch1"
"2.5","1","67.5","-112.5","-110.45800000000001","2.0419999999999874","0.24099999999999966","178.199","-1.8009999999999877","-18.129","-0.1880000000000024","0.008","2","captures/pluto_phase_frequency_sweep_20260727/f2500_ch1"
"2.5","1","90","-90","-86.95600000000002","3.0439999999999827","1.242999999999995","178.199","-1.8009999999999877","-18.734","-0.7930000000000028","0.001","2","captures/pluto_phase_frequency_sweep_20260727/f2500_ch1"
"2.5","1","112.5","-67.5","-67.56000000000002","-0.060000000000016485","-1.8610000000000042","178.199","-1.8009999999999877","-18.851","-0.9100000000000001","0.002","2","captures/pluto_phase_frequency_sweep_20260727/f2500_ch1"
"2.5","1","135","-45","-47.15100000000001","-2.1510000000000105","-3.951999999999998","178.199","-1.8009999999999877","-18.794","-0.8530000000000015","0.002","2","captures/pluto_phase_frequency_sweep_20260727/f2500_ch1"
"2.5","1","157.5","-22.5","-25.602000000000004","-3.102000000000004","-4.902999999999992","178.199","-1.8009999999999877","-18.288","-0.3470000000000013","0.006","2","captures/pluto_phase_frequency_sweep_20260727/f2500_ch1"
"2.5","1","180","0","0","0","-1.8009999999999877","178.199","-1.8009999999999877","-18.148","-0.20700000000000074","0.009","2","captures/pluto_phase_frequency_sweep_20260727/f2500_ch1"
"2.5","1","202.5","22.5","20.49199999999999","-2.0080000000000098","-3.8089999999999975","178.199","-1.8009999999999877","-18.158","-0.2170000000000023","0.005","2","captures/pluto_phase_frequency_sweep_20260727/f2500_ch1"
"2.5","1","225","45","46.44","1.4399999999999977","-0.36099999999999","178.199","-1.8009999999999877","-18.38","-0.43900000000000006","0.004","2","captures/pluto_phase_frequency_sweep_20260727/f2500_ch1"
"2.5","1","247.5","67.5","67.661","0.16100000000000136","-1.6399999999999864","178.199","-1.8009999999999877","-18.432","-0.49099999999999966","0.012","2","captures/pluto_phase_frequency_sweep_20260727/f2500_ch1"
"2.5","1","270","90","92.144","2.1440000000000055","0.34300000000001774","178.199","-1.8009999999999877","-19.064","-1.123000000000001","0.015","2","captures/pluto_phase_frequency_sweep_20260727/f2500_ch1"
"2.5","1","292.5","112.5","111.195","-1.3050000000000068","-3.1059999999999945","178.199","-1.8009999999999877","-19.214","-1.2729999999999997","0.015","2","captures/pluto_phase_frequency_sweep_20260727/f2500_ch1"
"2.5","1","315","135","131.003","-3.997000000000014","-5.798000000000002","178.199","-1.8009999999999877","-19.268","-1.3270000000000017","0.024","2","captures/pluto_phase_frequency_sweep_20260727/f2500_ch1"
"2.5","1","337.5","157.5","152.18899999999996","-5.3110000000000355","-7.112000000000023","178.199","-1.8009999999999877","-18.675","-0.7340000000000018","0.023","2","captures/pluto_phase_frequency_sweep_20260727/f2500_ch1"
"2.5","2","0","-180","-178.002","1.9979999999999905","-0.014","177.988","-2.0120000000000005","-18.664","0","0.038","4","captures/pluto_phase_frequency_sweep_20260727/f2500_ch2"
"2.5","2","22.5","-157.5","-157.167","0.3329999999999984","-1.6789999999999985","177.988","-2.0120000000000005","-18.634","0.030000000000001137","0.023","2","captures/pluto_phase_frequency_sweep_20260727/f2500_ch2"
"2.5","2","45","-135","-131.97899999999998","3.021000000000015","1.0090000000000003","177.988","-2.0120000000000005","-18.898","-0.2339999999999982","0.003","2","captures/pluto_phase_frequency_sweep_20260727/f2500_ch2"
"2.5","2","67.5","-112.5","-110.919","1.581000000000003","-0.4309999999999974","177.988","-2.0120000000000005","-18.903","-0.23899999999999721","0.001","2","captures/pluto_phase_frequency_sweep_20260727/f2500_ch2"
"2.5","2","90","-90","-88.513","1.4869999999999948","-0.5250000000000057","177.988","-2.0120000000000005","-19.484","-0.8200000000000003","0.001","2","captures/pluto_phase_frequency_sweep_20260727/f2500_ch2"
"2.5","2","112.5","-67.5","-69.127","-1.6269999999999953","-3.638999999999996","177.988","-2.0120000000000005","-19.341","-0.6769999999999996","0.001","2","captures/pluto_phase_frequency_sweep_20260727/f2500_ch2"
"2.5","2","135","-45","-48.43299999999999","-3.4329999999999927","-5.444999999999993","177.988","-2.0120000000000005","-19.27","-0.6059999999999981","0.001","2","captures/pluto_phase_frequency_sweep_20260727/f2500_ch2"
"2.5","2","157.5","-22.5","-25.562999999999988","-3.062999999999988","-5.074999999999989","177.988","-2.0120000000000005","-18.783","-0.11899999999999977","0.006","2","captures/pluto_phase_frequency_sweep_20260727/f2500_ch2"
"2.5","2","180","0","0","0","-2.0120000000000005","177.988","-2.0120000000000005","-18.816","-0.15199999999999747","0.002","2","captures/pluto_phase_frequency_sweep_20260727/f2500_ch2"
"2.5","2","202.5","22.5","20.623999999999995","-1.8760000000000048","-3.8880000000000052","177.988","-2.0120000000000005","-18.803","-0.13899999999999935","0.004","2","captures/pluto_phase_frequency_sweep_20260727/f2500_ch2"
"2.5","2","225","45","45.56999999999999","0.5699999999999932","-1.4420000000000073","177.988","-2.0120000000000005","-19.164","-0.5","0.004","2","captures/pluto_phase_frequency_sweep_20260727/f2500_ch2"
"2.5","2","247.5","67.5","66.72899999999998","-0.771000000000015","-2.7830000000000155","177.988","-2.0120000000000005","-19.198","-0.5339999999999989","0.001","2","captures/pluto_phase_frequency_sweep_20260727/f2500_ch2"
"2.5","2","270","90","90.156","0.1560000000000059","-1.8559999999999945","177.988","-2.0120000000000005","-19.871","-1.2069999999999972","0.01","2","captures/pluto_phase_frequency_sweep_20260727/f2500_ch2"
"2.5","2","292.5","112.5","109.07400000000001","-3.4259999999999877","-5.437999999999988","177.988","-2.0120000000000005","-19.781","-1.1169999999999973","0.003","2","captures/pluto_phase_frequency_sweep_20260727/f2500_ch2"
"2.5","2","315","135","129.11899999999997","-5.881000000000029","-7.893000000000029","177.988","-2.0120000000000005","-19.764","-1.0999999999999979","0.004","2","captures/pluto_phase_frequency_sweep_20260727/f2500_ch2"
"2.5","2","337.5","157.5","151.632","-5.867999999999995","-7.8799999999999955","177.988","-2.0120000000000005","-19.154","-0.48999999999999844","0.003","2","captures/pluto_phase_frequency_sweep_20260727/f2500_ch2"
"2.7","1","0","-180","-181.895","-1.8950000000000102","0.063","181.958","1.9579999999999984","-17.752","0","0.064","4","captures/pluto_phase_frequency_sweep_20260727/f2700_ch1"
"2.7","1","22.5","-157.5","-161.099","-3.5989999999999895","-1.6409999999999982","181.958","1.9579999999999984","-17.744","0.007999999999999119","0.016","2","captures/pluto_phase_frequency_sweep_20260727/f2700_ch1"
"2.7","1","45","-135","-136.562","-1.5620000000000118","0.3960000000000008","181.958","1.9579999999999984","-17.757","-0.005000000000002558","0.032","2","captures/pluto_phase_frequency_sweep_20260727/f2700_ch1"
"2.7","1","67.5","-112.5","-115.513","-3.0130000000000052","-1.0550000000000068","181.958","1.9579999999999984","-17.883","-0.13100000000000023","0.074","2","captures/pluto_phase_frequency_sweep_20260727/f2700_ch1"
"2.7","1","90","-90","-92.651","-2.6509999999999962","-0.6929999999999978","181.958","1.9579999999999984","-18.403","-0.6509999999999998","0.014","2","captures/pluto_phase_frequency_sweep_20260727/f2700_ch1"
"2.7","1","112.5","-67.5","-70.413","-2.9129999999999967","-0.9549999999999983","181.958","1.9579999999999984","-18.43","-0.6780000000000008","0.023","2","captures/pluto_phase_frequency_sweep_20260727/f2700_ch1"
"2.7","1","135","-45","-49.730999999999995","-4.7309999999999945","-2.772999999999996","181.958","1.9579999999999984","-18.668","-0.9160000000000004","0.038","2","captures/pluto_phase_frequency_sweep_20260727/f2700_ch1"
"2.7","1","157.5","-22.5","-27.757000000000005","-5.257000000000005","-3.2990000000000066","181.958","1.9579999999999984","-18.431","-0.679000000000002","0.042","2","captures/pluto_phase_frequency_sweep_20260727/f2700_ch1"
"2.7","1","180","0","0","0","1.9579999999999984","181.958","1.9579999999999984","-18.003","-0.2510000000000012","0.081","2","captures/pluto_phase_frequency_sweep_20260727/f2700_ch1"
"2.7","1","202.5","22.5","21.111999999999995","-1.3880000000000052","0.5699999999999932","181.958","1.9579999999999984","-17.906","-0.15399999999999991","0.007","2","captures/pluto_phase_frequency_sweep_20260727/f2700_ch1"
"2.7","1","225","45","45.64099999999999","0.6409999999999911","2.5989999999999895","181.958","1.9579999999999984","-17.996","-0.24399999999999977","0.012","2","captures/pluto_phase_frequency_sweep_20260727/f2700_ch1"
"2.7","1","247.5","67.5","66.61699999999999","-0.8830000000000098","1.0749999999999886","181.958","1.9579999999999984","-18.077","-0.32500000000000284","0.067","2","captures/pluto_phase_frequency_sweep_20260727/f2700_ch1"
"2.7","1","270","90","89.81800000000001","-0.18199999999998795","1.7760000000000105","181.958","1.9579999999999984","-18.466","-0.7140000000000022","0.017","2","captures/pluto_phase_frequency_sweep_20260727/f2700_ch1"
"2.7","1","292.5","112.5","110.72200000000001","-1.7779999999999916","0.18000000000000682","181.958","1.9579999999999984","-18.697","-0.9450000000000003","0.008","2","captures/pluto_phase_frequency_sweep_20260727/f2700_ch1"
"2.7","1","315","135","130.72599999999997","-4.274000000000029","-2.316000000000031","181.958","1.9579999999999984","-18.672","-0.9200000000000017","0.039","2","captures/pluto_phase_frequency_sweep_20260727/f2700_ch1"
"2.7","1","337.5","157.5","152.338","-5.162000000000006","-3.2040000000000077","181.958","1.9579999999999984","-18.437","-0.6850000000000023","0.007","2","captures/pluto_phase_frequency_sweep_20260727/f2700_ch1"
"2.7","2","0","-180","-181.222","-1.2220000000000084","-0.036","181.186","1.186000000000007","-19.588","0","0.037","4","captures/pluto_phase_frequency_sweep_20260727/f2700_ch2"
"2.7","2","22.5","-157.5","-160.108","-2.608000000000004","-1.4220000000000006","181.186","1.186000000000007","-19.594","-0.006000000000000227","0.01","2","captures/pluto_phase_frequency_sweep_20260727/f2700_ch2"
"2.7","2","45","-135","-135.731","-0.7309999999999945","0.4549999999999983","181.186","1.186000000000007","-19.861","-0.2729999999999997","0.001","2","captures/pluto_phase_frequency_sweep_20260727/f2700_ch2"
"2.7","2","67.5","-112.5","-114.71300000000001","-2.213000000000008","-1.027000000000001","181.186","1.186000000000007","-19.932","-0.34399999999999764","0.004","2","captures/pluto_phase_frequency_sweep_20260727/f2700_ch2"
"2.7","2","90","-90","-93.20400000000001","-3.2040000000000077","-2.0180000000000007","181.186","1.186000000000007","-20.448","-0.8599999999999994","0.003","2","captures/pluto_phase_frequency_sweep_20260727/f2700_ch2"
"2.7","2","112.5","-67.5","-72.875","-5.375","-4.188999999999993","181.186","1.186000000000007","-20.371","-0.7829999999999977","0.002","2","captures/pluto_phase_frequency_sweep_20260727/f2700_ch2"
"2.7","2","135","-45","-52.072","-7.072000000000003","-5.885999999999996","181.186","1.186000000000007","-20.283","-0.6950000000000003","0.001","2","captures/pluto_phase_frequency_sweep_20260727/f2700_ch2"
"2.7","2","157.5","-22.5","-28.688999999999993","-6.188999999999993","-5.002999999999986","181.186","1.186000000000007","-19.96","-0.3719999999999999","0.006","2","captures/pluto_phase_frequency_sweep_20260727/f2700_ch2"
"2.7","2","180","0","0","0","1.186000000000007","181.186","1.186000000000007","-19.688","-0.09999999999999787","0.012","2","captures/pluto_phase_frequency_sweep_20260727/f2700_ch2"
"2.7","2","202.5","22.5","21.307999999999993","-1.1920000000000073","-0.006000000000000227","181.186","1.186000000000007","-19.708","-0.11999999999999744","0.002","2","captures/pluto_phase_frequency_sweep_20260727/f2700_ch2"
"2.7","2","225","45","45.56199999999998","0.5619999999999834","1.7479999999999905","181.186","1.186000000000007","-20.077","-0.48900000000000077","0","2","captures/pluto_phase_frequency_sweep_20260727/f2700_ch2"
"2.7","2","247.5","67.5","66.61499999999998","-0.8850000000000193","0.3009999999999877","181.186","1.186000000000007","-20.181","-0.593","0.002","2","captures/pluto_phase_frequency_sweep_20260727/f2700_ch2"
"2.7","2","270","90","88.47900000000001","-1.5209999999999866","-0.33499999999997954","181.186","1.186000000000007","-20.79","-1.2019999999999982","0.001","2","captures/pluto_phase_frequency_sweep_20260727/f2700_ch2"
"2.7","2","292.5","112.5","107.917","-4.582999999999998","-3.3969999999999914","181.186","1.186000000000007","-20.702","-1.1140000000000008","0.001","2","captures/pluto_phase_frequency_sweep_20260727/f2700_ch2"
"2.7","2","315","135","127.68199999999999","-7.318000000000012","-6.132000000000005","181.186","1.186000000000007","-20.62","-1.032","0.004","2","captures/pluto_phase_frequency_sweep_20260727/f2700_ch2"
"2.7","2","337.5","157.5","150.717","-6.782999999999987","-5.59699999999998","181.186","1.186000000000007","-20.127","-0.5389999999999979","0.002","2","captures/pluto_phase_frequency_sweep_20260727/f2700_ch2"
"3","1","0","-180","-183.56799999999998","-3.5679999999999836","0.604","184.172","4.171999999999997","-20.759","0","0.604","4","captures/pluto_phase_frequency_sweep_20260727/f3000_ch1"
"3","1","22.5","-157.5","-162.151","-4.6510000000000105","-0.4789999999999992","184.172","4.171999999999997","-21.111","-0.3520000000000003","0.014","2","captures/pluto_phase_frequency_sweep_20260727/f3000_ch1"
"3","1","45","-135","-138.961","-3.9610000000000127","0.21099999999999852","184.172","4.171999999999997","-21.451","-0.6920000000000002","0.098","2","captures/pluto_phase_frequency_sweep_20260727/f3000_ch1"
"3","1","67.5","-112.5","-118.154","-5.653999999999996","-1.4819999999999993","184.172","4.171999999999997","-21.538","-0.7789999999999999","0.094","2","captures/pluto_phase_frequency_sweep_20260727/f3000_ch1"
"3","1","90","-90","-96.282","-6.2819999999999965","-2.1099999999999994","184.172","4.171999999999997","-21.998","-1.2390000000000008","0.193","2","captures/pluto_phase_frequency_sweep_20260727/f3000_ch1"
"3","1","112.5","-67.5","-75.071","-7.570999999999998","-3.399000000000001","184.172","4.171999999999997","-22.218","-1.4589999999999996","0.011","2","captures/pluto_phase_frequency_sweep_20260727/f3000_ch1"
"3","1","135","-45","-53.78","-8.780000000000001","-4.608000000000004","184.172","4.171999999999997","-21.987","-1.227999999999998","0.001","2","captures/pluto_phase_frequency_sweep_20260727/f3000_ch1"
"3","1","157.5","-22.5","-30.51599999999999","-8.015999999999991","-3.843999999999994","184.172","4.171999999999997","-21.972","-1.213000000000001","0.006","2","captures/pluto_phase_frequency_sweep_20260727/f3000_ch1"
"3","1","180","0","0","0","4.171999999999997","184.172","4.171999999999997","-21.144","-0.384999999999998","0.009","2","captures/pluto_phase_frequency_sweep_20260727/f3000_ch1"
"3","1","202.5","22.5","22.641999999999996","0.1419999999999959","4.313999999999993","184.172","4.171999999999997","-21.179","-0.41999999999999815","0.001","2","captures/pluto_phase_frequency_sweep_20260727/f3000_ch1"
"3","1","225","45","45.74199999999999","0.7419999999999902","4.913999999999987","184.172","4.171999999999997","-21.639","-0.879999999999999","0.004","2","captures/pluto_phase_frequency_sweep_20260727/f3000_ch1"
"3","1","247.5","67.5","66.725","-0.7750000000000057","3.3969999999999914","184.172","4.171999999999997","-21.64","-0.8810000000000002","0.002","2","captures/pluto_phase_frequency_sweep_20260727/f3000_ch1"
"3","1","270","90","87.38900000000004","-2.6109999999999616","1.5610000000000355","184.172","4.171999999999997","-22.15","-1.3909999999999982","0.038","2","captures/pluto_phase_frequency_sweep_20260727/f3000_ch1"
"3","1","292.5","112.5","107.46399999999997","-5.03600000000003","-0.8640000000000327","184.172","4.171999999999997","-22.22","-1.4609999999999985","0.022","2","captures/pluto_phase_frequency_sweep_20260727/f3000_ch1"
"3","1","315","135","128.025","-6.974999999999994","-2.8029999999999973","184.172","4.171999999999997","-21.594","-0.8350000000000009","1.013","2","captures/pluto_phase_frequency_sweep_20260727/f3000_ch1"
"3","1","337.5","157.5","152.29999999999998","-5.200000000000017","-1.02800000000002","184.172","4.171999999999997","-21.002","-0.24299999999999855","0.005","2","captures/pluto_phase_frequency_sweep_20260727/f3000_ch1"
"3","2","0","-180","-179.55","0.44999999999998863","-0.05","179.5","-0.5","-21.989","0","0.051","4","captures/pluto_phase_frequency_sweep_20260727/f3000_ch2"
"3","2","22.5","-157.5","-157.796","-0.29599999999999227","-0.7959999999999994","179.5","-0.5","-21.87","0.11899999999999977","0.014","2","captures/pluto_phase_frequency_sweep_20260727/f3000_ch2"
"3","2","45","-135","-134.797","0.20300000000000296","-0.29699999999999704","179.5","-0.5","-22.14","-0.1509999999999998","0.002","2","captures/pluto_phase_frequency_sweep_20260727/f3000_ch2"
"3","2","67.5","-112.5","-114.265","-1.7650000000000006","-2.2650000000000006","179.5","-0.5","-22.13","-0.14099999999999824","0.007","2","captures/pluto_phase_frequency_sweep_20260727/f3000_ch2"
"3","2","90","-90","-93.796","-3.7960000000000065","-4.2960000000000065","179.5","-0.5","-22.657","-0.6679999999999993","0.022","2","captures/pluto_phase_frequency_sweep_20260727/f3000_ch2"
"3","2","112.5","-67.5","-73.509","-6.009","-6.509","179.5","-0.5","-22.876","-0.8870000000000005","0.007","2","captures/pluto_phase_frequency_sweep_20260727/f3000_ch2"
"3","2","135","-45","-53.184","-8.183999999999997","-8.683999999999997","179.5","-0.5","-22.711","-0.7219999999999978","0.009","2","captures/pluto_phase_frequency_sweep_20260727/f3000_ch2"
"3","2","157.5","-22.5","-30.39500000000001","-7.89500000000001","-8.39500000000001","179.5","-0.5","-22.766","-0.7769999999999975","0.014","2","captures/pluto_phase_frequency_sweep_20260727/f3000_ch2"
"3","2","180","0","0","0","-0.5","179.5","-0.5","-22.08","-0.09099999999999753","0","2","captures/pluto_phase_frequency_sweep_20260727/f3000_ch2"
"3","2","202.5","22.5","22.772999999999996","0.27299999999999613","-0.22700000000000387","179.5","-0.5","-22.244","-0.254999999999999","0.003","2","captures/pluto_phase_frequency_sweep_20260727/f3000_ch2"
"3","2","225","45","46.486999999999995","1.4869999999999948","0.9869999999999948","179.5","-0.5","-22.869","-0.879999999999999","0.008","2","captures/pluto_phase_frequency_sweep_20260727/f3000_ch2"
"3","2","247.5","67.5","68.07","0.5699999999999932","0.06999999999999318","179.5","-0.5","-22.964","-0.9749999999999979","0.001","2","captures/pluto_phase_frequency_sweep_20260727/f3000_ch2"
"3","2","270","90","89.43799999999999","-0.5620000000000118","-1.0620000000000118","179.5","-0.5","-23.527","-1.5380000000000003","0.002","2","captures/pluto_phase_frequency_sweep_20260727/f3000_ch2"
"3","2","292.5","112.5","110.33600000000001","-2.1639999999999873","-2.6639999999999873","179.5","-0.5","-23.511","-1.5219999999999985","0.003","2","captures/pluto_phase_frequency_sweep_20260727/f3000_ch2"
"3","2","315","135","131.23399999999998","-3.7660000000000196","-4.2660000000000196","179.5","-0.5","-23.105","-1.1159999999999997","0.013","2","captures/pluto_phase_frequency_sweep_20260727/f3000_ch2"
"3","2","337.5","157.5","155.33999999999997","-2.160000000000025","-2.660000000000025","179.5","-0.5","-22.756","-0.7669999999999995","0.001","2","captures/pluto_phase_frequency_sweep_20260727/f3000_ch2"
"3.3","1","0","-180","-183.129","-3.1289999999999907","0.103","183.232","3.2319999999999993","-23.071","0","0.107","4","captures/pluto_phase_frequency_sweep_20260727/f3300_ch1"
"3.3","1","22.5","-157.5","-159.551","-2.0509999999999877","1.181000000000001","183.232","3.2319999999999993","-23.274","-0.2029999999999994","0.025","2","captures/pluto_phase_frequency_sweep_20260727/f3300_ch1"
"3.3","1","45","-135","-137.527","-2.526999999999987","0.7049999999999983","183.232","3.2319999999999993","-23.54","-0.46899999999999764","0.003","2","captures/pluto_phase_frequency_sweep_20260727/f3300_ch1"
"3.3","1","67.5","-112.5","-115.414","-2.9140000000000015","0.31799999999999784","183.232","3.2319999999999993","-23.594","-0.5229999999999997","0.013","2","captures/pluto_phase_frequency_sweep_20260727/f3300_ch1"
"3.3","1","90","-90","-95.457","-5.456999999999994","-2.2249999999999943","183.232","3.2319999999999993","-24.239","-1.1679999999999993","0.006","2","captures/pluto_phase_frequency_sweep_20260727/f3300_ch1"
"3.3","1","112.5","-67.5","-75.26","-7.760000000000005","-4.528000000000006","183.232","3.2319999999999993","-24.317","-1.2459999999999987","0.005","2","captures/pluto_phase_frequency_sweep_20260727/f3300_ch1"
"3.3","1","135","-45","-51.96600000000001","-6.966000000000008","-3.734000000000009","183.232","3.2319999999999993","-23.879","-0.8079999999999998","0","2","captures/pluto_phase_frequency_sweep_20260727/f3300_ch1"
"3.3","1","157.5","-22.5","-28.609999999999985","-6.109999999999985","-2.877999999999986","183.232","3.2319999999999993","-23.79","-0.7189999999999976","0.013","2","captures/pluto_phase_frequency_sweep_20260727/f3300_ch1"
"3.3","1","180","0","0","0","3.2319999999999993","183.232","3.2319999999999993","-22.976","0.09500000000000242","0.01","2","captures/pluto_phase_frequency_sweep_20260727/f3300_ch1"
"3.3","1","202.5","22.5","23.294999999999987","0.7949999999999875","4.026999999999987","183.232","3.2319999999999993","-23.178","-0.10699999999999932","0.003","2","captures/pluto_phase_frequency_sweep_20260727/f3300_ch1"
"3.3","1","225","45","44.83500000000001","-0.16499999999999204","3.0670000000000073","183.232","3.2319999999999993","-23.51","-0.43900000000000006","0.003","2","captures/pluto_phase_frequency_sweep_20260727/f3300_ch1"
"3.3","1","247.5","67.5","66.626","-0.8739999999999952","2.358000000000004","183.232","3.2319999999999993","-23.52","-0.44899999999999807","0","2","captures/pluto_phase_frequency_sweep_20260727/f3300_ch1"
"3.3","1","270","90","86.12899999999999","-3.8710000000000093","-0.63900000000001","183.232","3.2319999999999993","-24.087","-1.0159999999999982","0.002","2","captures/pluto_phase_frequency_sweep_20260727/f3300_ch1"
"3.3","1","292.5","112.5","106.21099999999998","-6.289000000000016","-3.0570000000000164","183.232","3.2319999999999993","-24.072","-1.0009999999999977","0.007","2","captures/pluto_phase_frequency_sweep_20260727/f3300_ch1"
"3.3","1","315","135","129.49999999999997","-5.500000000000028","-2.268000000000029","183.232","3.2319999999999993","-23.681","-0.6099999999999994","0.002","2","captures/pluto_phase_frequency_sweep_20260727/f3300_ch1"
"3.3","1","337.5","157.5","153.311","-4.188999999999993","-0.9569999999999936","183.232","3.2319999999999993","-23.62","-0.5489999999999995","0","2","captures/pluto_phase_frequency_sweep_20260727/f3300_ch1"
"3.3","2","0","-180","-179.171","0.8290000000000077","-0.113","179.058","-0.9420000000000073","-26.486","0","0.12","4","captures/pluto_phase_frequency_sweep_20260727/f3300_ch2"
"3.3","2","22.5","-157.5","-156.98","0.5200000000000102","-0.4220000000000006","179.058","-0.9420000000000073","-26.384","0.10200000000000031","0.022","2","captures/pluto_phase_frequency_sweep_20260727/f3300_ch2"
"3.3","2","45","-135","-136.62199999999999","-1.6219999999999857","-2.564","179.058","-0.9420000000000073","-26.596","-0.10999999999999943","0.012","2","captures/pluto_phase_frequency_sweep_20260727/f3300_ch2"
"3.3","2","67.5","-112.5","-113.50699999999999","-1.0069999999999908","-1.948999999999998","179.058","-0.9420000000000073","-26.518","-0.03200000000000003","0.003","2","captures/pluto_phase_frequency_sweep_20260727/f3300_ch2"
"3.3","2","90","-90","-91.98899999999999","-1.98899999999999","-2.9309999999999974","179.058","-0.9420000000000073","-26.694","-0.2079999999999984","0.006","2","captures/pluto_phase_frequency_sweep_20260727/f3300_ch2"
"3.3","2","112.5","-67.5","-68.883","-1.3829999999999956","-2.325000000000003","179.058","-0.9420000000000073","-26.944","-0.4579999999999984","0.005","2","captures/pluto_phase_frequency_sweep_20260727/f3300_ch2"
"3.3","2","135","-45","-46.44199999999998","-1.4419999999999789","-2.383999999999986","179.058","-0.9420000000000073","-27.144","-0.6579999999999977","0.006","2","captures/pluto_phase_frequency_sweep_20260727/f3300_ch2"
"3.3","2","157.5","-22.5","-24.043999999999983","-1.5439999999999827","-2.48599999999999","179.058","-0.9420000000000073","-27.617","-1.1310000000000002","0.001","2","captures/pluto_phase_frequency_sweep_20260727/f3300_ch2"
"3.3","2","180","0","0","0","-0.9420000000000073","179.058","-0.9420000000000073","-26.588","-0.10200000000000031","0.007","2","captures/pluto_phase_frequency_sweep_20260727/f3300_ch2"
"3.3","2","202.5","22.5","22.456000000000017","-0.04399999999998272","-0.98599999999999","179.058","-0.9420000000000073","-26.582","-0.09600000000000009","0.012","2","captures/pluto_phase_frequency_sweep_20260727/f3300_ch2"
"3.3","2","225","45","42.741000000000014","-2.258999999999986","-3.2009999999999934","179.058","-0.9420000000000073","-26.883","-0.39699999999999847","0.002","2","captures/pluto_phase_frequency_sweep_20260727/f3300_ch2"
"3.3","2","247.5","67.5","66.31700000000001","-1.1829999999999927","-2.125","179.058","-0.9420000000000073","-26.741","-0.254999999999999","0.008","2","captures/pluto_phase_frequency_sweep_20260727/f3300_ch2"
"3.3","2","270","90","88.47399999999999","-1.5260000000000105","-2.4680000000000177","179.058","-0.9420000000000073","-26.77","-0.2839999999999989","0.003","2","captures/pluto_phase_frequency_sweep_20260727/f3300_ch2"
"3.3","2","292.5","112.5","112.368","-0.132000000000005","-1.0740000000000123","179.058","-0.9420000000000073","-26.813","-0.3269999999999982","0.006","2","captures/pluto_phase_frequency_sweep_20260727/f3300_ch2"
"3.3","2","315","135","135.144","0.14400000000000546","-0.7980000000000018","179.058","-0.9420000000000073","-26.906","-0.41999999999999815","0.001","2","captures/pluto_phase_frequency_sweep_20260727/f3300_ch2"
"3.3","2","337.5","157.5","158.38800000000003","0.8880000000000337","-0.053999999999973625","179.058","-0.9420000000000073","-27.261","-0.7749999999999986","0.003","2","captures/pluto_phase_frequency_sweep_20260727/f3300_ch2"
"3.5","1","0","-180","-179.89700000000002","0.10299999999998022","0.182","180.079","0.07900000000000773","-26.976","0","0.205","4","captures/pluto_phase_frequency_sweep_20260727/f3500_ch1"
"3.5","1","22.5","-157.5","-154.707","2.7930000000000064","2.872","180.079","0.07900000000000773","-26.938","0.038000000000000256","0.037","2","captures/pluto_phase_frequency_sweep_20260727/f3500_ch1"
"3.5","1","45","-135","-133.02100000000002","1.978999999999985","2.058","180.079","0.07900000000000773","-26.984","-0.008000000000002672","0.005","2","captures/pluto_phase_frequency_sweep_20260727/f3500_ch1"
"3.5","1","67.5","-112.5","-109.034","3.465999999999994","3.5450000000000017","180.079","0.07900000000000773","-27.139","-0.16300000000000026","0.002","2","captures/pluto_phase_frequency_sweep_20260727/f3500_ch1"
"3.5","1","90","-90","-85.16000000000001","4.839999999999989","4.918999999999997","180.079","0.07900000000000773","-28.044","-1.0680000000000014","0.002","2","captures/pluto_phase_frequency_sweep_20260727/f3500_ch1"
"3.5","1","112.5","-67.5","-64.73700000000001","2.762999999999991","2.8419999999999987","180.079","0.07900000000000773","-28.394","-1.4179999999999993","0.008","2","captures/pluto_phase_frequency_sweep_20260727/f3500_ch1"
"3.5","1","135","-45","-44.22200000000001","0.7779999999999916","0.8569999999999993","180.079","0.07900000000000773","-28.024","-1.0480000000000018","0.003","2","captures/pluto_phase_frequency_sweep_20260727/f3500_ch1"
"3.5","1","157.5","-22.5","-23.073000000000008","-0.5730000000000075","-0.4939999999999998","180.079","0.07900000000000773","-27.96","-0.9840000000000018","0","2","captures/pluto_phase_frequency_sweep_20260727/f3500_ch1"
"3.5","1","180","0","0","0","0.07900000000000773","180.079","0.07900000000000773","-26.501","0.47499999999999787","0.006","2","captures/pluto_phase_frequency_sweep_20260727/f3500_ch1"
"3.5","1","202.5","22.5","24.65299999999999","2.1529999999999916","2.2319999999999993","180.079","0.07900000000000773","-26.47","0.5060000000000002","0.01","2","captures/pluto_phase_frequency_sweep_20260727/f3500_ch1"
"3.5","1","225","45","45.879999999999995","0.8799999999999955","0.9590000000000032","180.079","0.07900000000000773","-26.578","0.3979999999999997","0.001","2","captures/pluto_phase_frequency_sweep_20260727/f3500_ch1"
"3.5","1","247.5","67.5","69.68","2.180000000000007","2.2590000000000146","180.079","0.07900000000000773","-26.727","0.24899999999999878","0.011","2","captures/pluto_phase_frequency_sweep_20260727/f3500_ch1"
"3.5","1","270","90","93.34300000000002","3.3430000000000177","3.4220000000000255","180.079","0.07900000000000773","-27.602","-0.6260000000000012","0.008","2","captures/pluto_phase_frequency_sweep_20260727/f3500_ch1"
"3.5","1","292.5","112.5","114.07","1.5699999999999932","1.649000000000001","180.079","0.07900000000000773","-27.97","-0.9939999999999998","0","2","captures/pluto_phase_frequency_sweep_20260727/f3500_ch1"
"3.5","1","315","135","134.92199999999997","-0.07800000000003138","0.0009999999999763531","180.079","0.07900000000000773","-27.694","-0.718","0.003","2","captures/pluto_phase_frequency_sweep_20260727/f3500_ch1"
"3.5","1","337.5","157.5","156.67899999999997","-0.8210000000000264","-0.7420000000000186","180.079","0.07900000000000773","-27.732","-0.7560000000000002","0.008","2","captures/pluto_phase_frequency_sweep_20260727/f3500_ch1"
"3.5","2","0","-180","-179.197","0.8029999999999973","-0.18","179.017","-0.9830000000000041","-28.465","0","0.205","4","captures/pluto_phase_frequency_sweep_20260727/f3500_ch2"
"3.5","2","22.5","-157.5","-156.91","0.5900000000000034","-0.3930000000000007","179.017","-0.9830000000000041","-28.561","-0.09600000000000009","0.021","2","captures/pluto_phase_frequency_sweep_20260727/f3500_ch2"
"3.5","2","45","-135","-136.569","-1.5689999999999884","-2.5519999999999996","179.017","-0.9830000000000041","-29.027","-0.5620000000000012","0.001","2","captures/pluto_phase_frequency_sweep_20260727/f3500_ch2"
"3.5","2","67.5","-112.5","-113.63199999999999","-1.1319999999999908","-2.114999999999995","179.017","-0.9830000000000041","-28.91","-0.4450000000000003","0.003","2","captures/pluto_phase_frequency_sweep_20260727/f3500_ch2"
"3.5","2","90","-90","-92.405","-2.405000000000001","-3.3880000000000052","179.017","-0.9830000000000041","-29.171","-0.7059999999999995","0.001","2","captures/pluto_phase_frequency_sweep_20260727/f3500_ch2"
"3.5","2","112.5","-67.5","-68.939","-1.438999999999993","-2.421999999999997","179.017","-0.9830000000000041","-29.241","-0.7759999999999998","0.008","2","captures/pluto_phase_frequency_sweep_20260727/f3500_ch2"
"3.5","2","135","-45","-43.57900000000001","1.4209999999999923","0.4379999999999882","179.017","-0.9830000000000041","-29.422","-0.9570000000000007","0.008","2","captures/pluto_phase_frequency_sweep_20260727/f3500_ch2"
"3.5","2","157.5","-22.5","-19.424000000000007","3.0759999999999934","2.0929999999999893","179.017","-0.9830000000000041","-29.923","-1.4579999999999984","0.017","2","captures/pluto_phase_frequency_sweep_20260727/f3500_ch2"
"3.5","2","180","0","0","0","-0.9830000000000041","179.017","-0.9830000000000041","-28.742","-0.277000000000001","0.004","2","captures/pluto_phase_frequency_sweep_20260727/f3500_ch2"
"3.5","2","202.5","22.5","22.78800000000001","0.2880000000000109","-0.6949999999999932","179.017","-0.9830000000000041","-28.86","-0.3949999999999996","0.007","2","captures/pluto_phase_frequency_sweep_20260727/f3500_ch2"
"3.5","2","225","45","43.212999999999994","-1.7870000000000061","-2.7700000000000102","179.017","-0.9830000000000041","-29.371","-0.9059999999999988","0.006","2","captures/pluto_phase_frequency_sweep_20260727/f3500_ch2"
"3.5","2","247.5","67.5","66.31200000000001","-1.1879999999999882","-2.1709999999999923","179.017","-0.9830000000000041","-29.108","-0.6430000000000007","0","2","captures/pluto_phase_frequency_sweep_20260727/f3500_ch2"
"3.5","2","270","90","87.58699999999999","-2.413000000000011","-3.396000000000015","179.017","-0.9830000000000041","-29.105","-0.6400000000000006","0.007","2","captures/pluto_phase_frequency_sweep_20260727/f3500_ch2"
"3.5","2","292.5","112.5","111.39299999999997","-1.1070000000000277","-2.090000000000032","179.017","-0.9830000000000041","-28.91","-0.4450000000000003","0.002","2","captures/pluto_phase_frequency_sweep_20260727/f3500_ch2"
"3.5","2","315","135","136.76999999999998","1.7699999999999818","0.7869999999999777","179.017","-0.9830000000000041","-29.002","-0.536999999999999","0.003","2","captures/pluto_phase_frequency_sweep_20260727/f3500_ch2"
"3.5","2","337.5","157.5","161.103","3.6030000000000086","2.6200000000000045","179.017","-0.9830000000000041","-29.468","-1.0030000000000001","0.009","2","captures/pluto_phase_frequency_sweep_20260727/f3500_ch2"
"3.8","1","0","-180","-175.93900000000002","4.060999999999979","0.039","175.978","-4.021999999999991","-28.099","0","0.058","4","captures/pluto_phase_frequency_sweep_20260727/f3800_ch1"
"3.8","1","22.5","-157.5","-149.17600000000002","8.323999999999984","4.302","175.978","-4.021999999999991","-28.63","-0.5309999999999988","0.029","2","captures/pluto_phase_frequency_sweep_20260727/f3800_ch1"
"3.8","1","45","-135","-129.416","5.584000000000003","1.5619999999999976","175.978","-4.021999999999991","-28.654","-0.5549999999999997","0.008","2","captures/pluto_phase_frequency_sweep_20260727/f3800_ch1"
"3.8","1","67.5","-112.5","-105.49600000000001","7.003999999999991","2.9819999999999993","175.978","-4.021999999999991","-28.951","-0.8520000000000003","0.016","2","captures/pluto_phase_frequency_sweep_20260727/f3800_ch1"
"3.8","1","90","-90","-86.846","3.1539999999999964","-0.867999999999995","175.978","-4.021999999999991","-30.198","-2.099","0.007","2","captures/pluto_phase_frequency_sweep_20260727/f3800_ch1"
"3.8","1","112.5","-67.5","-66.52300000000001","0.9769999999999897","-3.0450000000000017","175.978","-4.021999999999991","-29.971","-1.8719999999999999","0.007","2","captures/pluto_phase_frequency_sweep_20260727/f3800_ch1"
"3.8","1","135","-45","-41.771000000000015","3.228999999999985","-0.7930000000000064","175.978","-4.021999999999991","-29.554","-1.4549999999999983","0.017","2","captures/pluto_phase_frequency_sweep_20260727/f3800_ch1"
"3.8","1","157.5","-22.5","-18.188000000000017","4.311999999999983","0.28999999999999204","175.978","-4.021999999999991","-29.377","-1.2779999999999987","0.002","2","captures/pluto_phase_frequency_sweep_20260727/f3800_ch1"
"3.8","1","180","0","0","0","-4.021999999999991","175.978","-4.021999999999991","-27.803","0.2959999999999994","0.018","2","captures/pluto_phase_frequency_sweep_20260727/f3800_ch1"
"3.8","1","202.5","22.5","26.19399999999999","3.6939999999999884","-0.32800000000000296","175.978","-4.021999999999991","-28.247","-0.1479999999999997","0.008","2","captures/pluto_phase_frequency_sweep_20260727/f3800_ch1"
"3.8","1","225","45","45.58499999999998","0.5849999999999795","-3.437000000000012","175.978","-4.021999999999991","-28.305","-0.20599999999999952","0.005","2","captures/pluto_phase_frequency_sweep_20260727/f3800_ch1"
"3.8","1","247.5","67.5","69.89299999999997","2.3929999999999723","-1.629000000000019","175.978","-4.021999999999991","-28.554","-0.4549999999999983","0","2","captures/pluto_phase_frequency_sweep_20260727/f3800_ch1"
"3.8","1","270","90","89.262","-0.7379999999999995","-4.759999999999991","175.978","-4.021999999999991","-29.718","-1.6189999999999998","0.008","2","captures/pluto_phase_frequency_sweep_20260727/f3800_ch1"
"3.8","1","292.5","112.5","110.12799999999999","-2.372000000000014","-6.3940000000000055","175.978","-4.021999999999991","-29.543","-1.443999999999999","0.001","2","captures/pluto_phase_frequency_sweep_20260727/f3800_ch1"
"3.8","1","315","135","135.05199999999996","0.051999999999964075","-3.9700000000000273","175.978","-4.021999999999991","-29.286","-1.1870000000000012","0.006","2","captures/pluto_phase_frequency_sweep_20260727/f3800_ch1"
"3.8","1","337.5","157.5","158.74200000000002","1.2420000000000186","-2.7799999999999727","175.978","-4.021999999999991","-29.216","-1.1170000000000009","0.021","2","captures/pluto_phase_frequency_sweep_20260727/f3800_ch1"
"3.8","2","0","-180","-178.304","1.695999999999998","-0.035","178.269","-1.7309999999999945","-28.768","0","0.059","4","captures/pluto_phase_frequency_sweep_20260727/f3800_ch2"
"3.8","2","22.5","-157.5","-151.909","5.591000000000008","3.8599999999999994","178.269","-1.7309999999999945","-29.406","-0.6379999999999981","0.007","2","captures/pluto_phase_frequency_sweep_20260727/f3800_ch2"
"3.8","2","45","-135","-132.262","2.7379999999999995","1.006999999999998","178.269","-1.7309999999999945","-29.525","-0.7569999999999979","0.029","2","captures/pluto_phase_frequency_sweep_20260727/f3800_ch2"
"3.8","2","67.5","-112.5","-107.94500000000001","4.554999999999993","2.823999999999998","178.269","-1.7309999999999945","-29.856","-1.088000000000001","0.007","2","captures/pluto_phase_frequency_sweep_20260727/f3800_ch2"
"3.8","2","90","-90","-89.281","0.7189999999999941","-1.0120000000000005","178.269","-1.7309999999999945","-31.106","-2.338000000000001","0.022","2","captures/pluto_phase_frequency_sweep_20260727/f3800_ch2"
"3.8","2","112.5","-67.5","-68.15400000000001","-0.6540000000000106","-2.385000000000005","178.269","-1.7309999999999945","-30.892","-2.1239999999999988","0.011","2","captures/pluto_phase_frequency_sweep_20260727/f3800_ch2"
"3.8","2","135","-45","-42.161","2.8389999999999986","1.108000000000004","178.269","-1.7309999999999945","-30.491","-1.722999999999999","0.008","2","captures/pluto_phase_frequency_sweep_20260727/f3800_ch2"
"3.8","2","157.5","-22.5","-17.917","4.582999999999998","2.852000000000004","178.269","-1.7309999999999945","-30.33","-1.5619999999999976","0.013","2","captures/pluto_phase_frequency_sweep_20260727/f3800_ch2"
"3.8","2","180","0","0","0","-1.7309999999999945","178.269","-1.7309999999999945","-28.664","0.1039999999999992","0.005","2","captures/pluto_phase_frequency_sweep_20260727/f3800_ch2"
"3.8","2","202.5","22.5","26.24199999999999","3.7419999999999902","2.0109999999999957","178.269","-1.7309999999999945","-29.053","-0.28500000000000014","0.005","2","captures/pluto_phase_frequency_sweep_20260727/f3800_ch2"
"3.8","2","225","45","45.480999999999995","0.48099999999999454","-1.25","178.269","-1.7309999999999945","-29.082","-0.31400000000000006","0.003","2","captures/pluto_phase_frequency_sweep_20260727/f3800_ch2"
"3.8","2","247.5","67.5","69.66399999999999","2.1639999999999873","0.4329999999999927","178.269","-1.7309999999999945","-29.204","-0.43599999999999994","0.011","2","captures/pluto_phase_frequency_sweep_20260727/f3800_ch2"
"3.8","2","270","90","88.44299999999998","-1.5570000000000164","-3.288000000000011","178.269","-1.7309999999999945","-30.249","-1.480999999999998","0.018","2","captures/pluto_phase_frequency_sweep_20260727/f3800_ch2"
"3.8","2","292.5","112.5","109.13499999999999","-3.365000000000009","-5.096000000000004","178.269","-1.7309999999999945","-30.037","-1.2689999999999984","0.011","2","captures/pluto_phase_frequency_sweep_20260727/f3800_ch2"
"3.8","2","315","135","134.13299999999998","-0.8670000000000186","-2.598000000000013","178.269","-1.7309999999999945","-29.852","-1.0839999999999996","0.005","2","captures/pluto_phase_frequency_sweep_20260727/f3800_ch2"
"3.8","2","337.5","157.5","157.25900000000001","-0.24099999999998545","-1.97199999999998","178.269","-1.7309999999999945","-29.888","-1.120000000000001","0.006","2","captures/pluto_phase_frequency_sweep_20260727/f3800_ch2"
